date,reporting_week,totalcases,num_cases_last7,numdeaths,numdeaths_last7
2020-02-08,6,0,0,0,0
2020-02-15,7,0,0,0,0
2020-02-22,8,0,0,0,0
2020-02-29,9,0,0,0,0
2020-03-07,10,2,2,0,0
2020-03-14,11,56,54,0,0
2020-03-21,12,244,188,1,1
2020-03-28,13,666,422,1,0
2020-04-04,14,1232,566,23,22
2020-04-11,15,1553,321,45,22
2020-04-18,16,2495,942,57,12
2020-04-25,17,4231,1736,84,27
2020-05-02,18,5567,1336,104,20
2020-05-09,19,6092,525,117,13
2020-05-16,20,6530,438,128,11
2020-05-23,21,6773,243,139,11
2020-05-30,22,6939,166,144,5
2020-06-06,23,7110,171,150,6
2020-06-13,24,7358,248,151,1
2020-06-20,25,7661,303,152,1
2020-06-27,26,7944,283,154,2
2020-07-04,27,8286,342,156,2
2020-07-11,28,8696,410,162,6
2020-07-18,29,9434,738,170,8
2020-07-25,30,10233,799,184,14
2020-08-01,31,10942,709,200,16
2020-08-08,32,11570,628,214,14
2020-08-15,33,12157,587,225,11
2020-08-22,34,12850,693,232,7
2020-08-29,35,13698,848,237,5
2020-09-05,36,14694,996,244,7
2020-09-12,37,15582,888,252,8
2020-09-19,38,16576,994,253,1
2020-09-26,39,17595,1019,262,9
2020-10-03,40,18736,1141,277,15
2020-10-10,41,20310,1574,284,7
2020-10-17,42,22107,1797,289,5
2020-10-24,43,25039,2932,306,17
2020-10-31,44,28568,3529,333,27
2020-11-07,45,33252,4684,373,40
2020-11-14,46,39030,5778,422,49
2020-11-21,47,46513,7483,493,71
2020-11-28,48,56051,9538,567,74
2020-12-05,49,68125,12074,680,113
2020-12-12,50,79785,11660,812,132
2020-12-19,51,90008,10223,961,149
2020-12-26,52,97407,7399,1116,155
2021-01-02,53,104633,7226,1267,151
2021-01-09,1,111729,7096,1426,159
2021-01-16,2,117088,5359,1557,131
2021-01-23,3,121013,3925,1672,115
2021-01-30,4,124049,3036,1744,72
2021-02-06,5,126646,2597,1802,58
2021-02-13,6,128722,2076,1854,52
2021-02-20,7,130974,2252,1880,26
2021-02-27,8,133417,2443,1905,25
2021-03-06,9,135748,2331,1924,19
2021-03-13,10,138286,2538,1950,26
2021-03-20,11,141763,3477,1965,15
2021-03-27,12,146161,4398,1987,22
2021-04-03,13,152176,6015,2002,15
2021-04-10,14,160737,8561,2014,12
2021-04-17,15,170548,9811,2037,23
2021-04-24,16,181452,10904,2070,33
2021-05-01,17,194503,13051,2102,32
2021-05-08,18,208307,13804,2125,23
2021-05-15,19,218647,10340,2153,28
2021-05-22,20,224010,5363,2188,35
2021-05-29,21,227135,3125,2223,35
2021-06-05,22,229116,1981,2247,24
2021-06-12,23,230423,1307,2269,22
2021-06-19,24,231295,872,2290,21
2021-06-26,25,231810,515,2297,7
2021-07-03,26,232163,353,2304,7
2021-07-10,27,232467,304,2306,2
2021-07-17,28,232755,288,2315,9
2021-07-24,29,233492,737,2320,5
2021-07-31,30,234795,1303,2324,4
2021-08-07,31,236790,1995,2329,5
2021-08-14,32,239963,3173,2332,3
2021-08-21,33,244492,4529,2346,14
2021-08-28,34,251137,6645,2372,26
2021-09-04,35,259773,8636,2414,42
2021-09-11,36,269213,9440,2471,57
2021-09-18,37,280761,11548,2567,96
2021-09-25,38,291780,11019,2670,103
2021-10-02,39,302772,10992,2785,115
2021-10-09,40,310498,7726,2879,94
2021-10-16,41,315930,5432,2984,105
2021-10-23,42,320541,4611,3055,71
2021-10-30,43,324008,3467,3118,63
2021-11-06,44,327195,3187,3156,38
2021-11-13,45,330044,2849,3195,39
2021-11-20,46,332726,2682,3219,24
2021-11-27,47,335074,2348,3244,25
2021-12-04,48,337269,2195,3266,22
2021-12-11,49,339340,2071,3278,12
2021-12-18,50,342603,3263,3293,15
2021-12-25,51,352873,10270,3303,10
2022-01-01,52,373555,20682,3321,18
2022-01-08,1,406271,32716,3348,27
2022-01-15,2,446494,40223,3407,59
2022-01-22,3,471717,25223,3488,81
2022-01-29,4,490661,18944,3578,90
2022-02-05,5,505406,14745,3684,106
2022-02-12,6,514690,9284,3780,96
2022-02-19,7,520200,5510,3854,74
2022-02-26,8,524329,4129,3916,62
2022-03-05,9,527723,3394,3970,54
2022-03-12,10,530967,3244,4006,36
2022-03-19,11,534675,3708,4036,30
2022-03-26,12,539053,4378,4066,30
2022-04-02,13,544254,5201,4098,32
2022-04-09,14,550313,6059,4137,39
2022-04-16,15,556387,6074,4186,49
2022-04-23,16,563032,6645,4248,62
2022-04-30,17,568829,5797,4311,63
2022-05-07,18,573694,4865,4373,62
2022-05-14,19,577412,3718,4432,59
2022-05-21,20,580399,2987,4485,53
2022-05-28,21,582755,2356,4522,37
2022-06-04,22,584668,1913,4559,37
2022-06-11,23,586211,1543,4576,17
2022-06-18,24,587394,1183,4589,13
2022-06-25,25,588311,917,4610,21
2022-07-02,26,589351,1040,4621,11
2022-07-09,27,590691,1340,4639,18
2022-07-16,28,592197,1506,4652,13
2022-07-23,29,593988,1791,4666,14
2022-07-30,30,595659,1671,4687,21
2022-08-06,31,597367,1708,4718,31
2022-08-13,32,599100,1733,4737,19
2022-08-20,33,600629,1529,4772,35
2022-08-27,34,602028,1399,4799,27
2022-09-03,35,603165,1137,4836,37
2022-09-10,36,604210,1045,4857,21
2022-09-17,37,605457,1247,4884,27
2022-09-24,38,606866,1409,4913,29
2022-10-01,39,608256,1390,4944,31
2022-10-08,40,609624,1368,4978,34
2022-10-15,41,610942,1318,5011,33
2022-10-22,42,612350,1408,5050,39
2022-10-29,43,613692,1342,5093,43
2022-11-05,44,615087,1395,5129,36
2022-11-12,45,616398,1311,5169,40
2022-11-19,46,617774,1376,5225,56
2022-11-26,47,619138,1364,5266,41
2022-12-03,48,620291,1153,5308,42
2022-12-10,49,621335,1044,5335,27
2022-12-17,50,622298,963,5366,31
2022-12-24,51,623121,823,5395,29
2022-12-31,52,623991,870,5421,26
2023-01-07,1,624959,968,5444,23
2023-01-14,2,625888,929,5475,31
2023-01-21,3,626555,667,5505,30
2023-01-28,4,627157,602,5533,28
2023-02-04,5,627702,545,5555,22
2023-02-11,6,628149,447,5566,11
2023-02-18,7,628576,427,5580,14
2023-02-25,8,628946,370,5593,13
2023-03-04,9,629306,360,5604,11
2023-03-11,10,629687,381,5619,15
2023-03-18,11,630085,398,5631,12
2023-03-25,12,630485,400,5639,8
2023-04-01,13,630862,377,5652,13
2023-04-08,14,631206,344,5674,22
2023-04-15,15,631511,305,5684,10
2023-04-22,16,631894,383,5703,19
2023-04-29,17,632235,341,5719,16
2023-05-06,18,632551,316,5729,10
2023-05-13,19,632848,297,5744,15
2023-05-20,20,633076,228,5761,17
2023-05-27,21,633287,211,5767,6
2023-06-03,22,633478,191,5783,16
2023-06-10,23,633602,124,5794,11
2023-06-17,24,633693,91,5798,4
2023-06-24,25,633781,88,5801,3
2023-07-01,26,633877,96,5808,7
2023-07-08,27,633939,62,5811,3
2023-07-15,28,634005,66,5812,1
2023-07-22,29,634104,99,5815,3
2023-07-29,30,634263,159,5817,2
2023-08-05,31,634414,151,5825,8
2023-08-12,32,634603,189,5830,5
2023-08-19,33,634802,199,5833,3
2023-08-26,34,635178,376,5839,6
2023-09-02,35,635486,308,5853,14
2023-09-09,36,635866,380,5872,19
2023-09-16,37,636357,491,5883,11
2023-09-23,38,636948,591,5904,21
2023-09-30,39,637675,727,5930,26
2023-10-07,40,638533,858,5965,35
2023-10-14,41,639482,949,5995,30
2023-10-21,42,640409,927,6027,32
2023-10-28,43,641235,826,6063,36
2023-11-04,44,642181,946,6102,39
2023-11-11,45,643022,841,6126,24
2023-11-18,46,643941,919,6147,21
2023-11-25,47,644747,806,6159,12
2023-12-02,48,645503,756,6178,19
2023-12-09,49,646272,769,6202,24
2023-12-16,50,646932,660,6217,15
2023-12-23,51,647493,561,6233,16
2023-12-30,52,648021,528,6244,11
2024-01-06,1,648614,593,6262,18
2024-01-13,2,649138,524,6275,13
2024-01-20,3,649580,442,6288,13
2024-01-27,4,649987,407,6298,10
2024-02-03,5,650439,452,6308,10
2024-02-10,6,650863,424,6319,11
2024-02-17,7,651245,382,6334,15
2024-02-24,8,651558,313,6343,9
2024-03-02,9,651879,321,6354,11
2024-03-09,10,652152,273,6361,7
2024-03-16,11,652403,251,6364,3
2024-03-23,12,652641,238,6373,9
2024-03-30,13,652819,178,6376,3
2024-04-06,14,652965,146,6379,3
2024-04-13,15,653136,171,6384,5
2024-04-20,16,653309,173,6390,6
2024-04-27,17,653521,212,6402,12
2024-05-04,18,653793,272,6409,7
2024-05-11,19,654055,262,6423,14
2024-05-18,20,654357,302,6437,14
2024-05-25,21,654710,353,6452,15
2024-06-01,22,0,0,6465,13
2024-06-08,23,0,0,6474,9
2024-06-15,24,0,0,6486,12
2024-06-22,25,0,0,6496,10
2024-06-29,26,0,0,6507,11
2024-07-06,27,0,0,6514,7
2024-07-13,28,0,0,6520,6
2024-07-20,29,0,0,6537,17
2024-07-27,30,0,0,6551,14
2024-08-03,31,0,0,6560,9
2024-08-10,32,0,0,6570,10
2024-08-17,33,0,0,6580,10
2024-08-24,34,0,0,6590,10
2024-08-31,35,0,0,6596,6
2024-09-07,36,0,0,6606,10
2024-09-14,37,0,0,6610,4
2024-09-21,38,0,0,6613,3
