date,year,total_cases,total_deaths,total_tests,total_hospitalizations,total_ICU,total_recoveries,total_vaccinations,total_vaccinated,total_boosters_1,total_boosters_2,total_vaccines_distributed
2020-01-25,2020,0,0,0,0,0,0,0,0,0,0,0
2020-01-26,2020,0,0,0,0,0,0,0,0,0,0,0
2020-01-27,2020,0,0,0,0,0,0,0,0,0,0,0
2020-01-28,2020,0,0,0,0,0,0,0,0,0,0,0
2020-01-29,2020,0,0,0,0,0,0,0,0,0,0,0
2020-01-30,2020,0,0,0,0,0,0,0,0,0,0,0
2020-01-31,2020,0,0,0,0,0,0,0,0,0,0,0
2020-02-01,2020,0,0,0,0,0,0,0,0,0,0,0
2020-02-02,2020,0,0,0,0,0,0,0,0,0,0,0
2020-02-03,2020,0,0,0,0,0,0,0,0,0,0,0
2020-02-04,2020,0,0,0,0,0,0,0,0,0,0,0
2020-02-05,2020,0,0,0,0,0,0,0,0,0,0,0
2020-02-06,2020,0,0,0,0,0,0,0,0,0,0,0
2020-02-07,2020,0,0,0,0,0,0,0,0,0,0,0
2020-02-08,2020,0,0,0,0,0,0,0,0,0,0,0
2020-02-09,2020,0,0,0,0,0,0,0,0,0,0,0
2020-02-10,2020,0,0,0,0,0,0,0,0,0,0,0
2020-02-11,2020,0,0,0,0,0,0,0,0,0,0,0
2020-02-12,2020,0,0,0,0,0,0,0,0,0,0,0
2020-02-13,2020,0,0,0,0,0,0,0,0,0,0,0
2020-02-14,2020,0,0,0,0,0,0,0,0,0,0,0
2020-02-15,2020,0,0,0,0,0,0,0,0,0,0,0
2020-02-16,2020,0,0,0,0,0,0,0,0,0,0,0
2020-02-17,2020,0,0,0,0,0,0,0,0,0,0,0
2020-02-18,2020,0,0,0,0,0,0,0,0,0,0,0
2020-02-19,2020,0,0,0,0,0,0,0,0,0,0,0
2020-02-20,2020,0,0,0,0,0,0,0,0,0,0,0
2020-02-21,2020,0,0,0,0,0,0,0,0,0,0,0
2020-02-22,2020,0,0,0,0,0,0,0,0,0,0,0
2020-02-23,2020,0,0,0,0,0,0,0,0,0,0,0
2020-02-24,2020,0,0,0,0,0,0,0,0,0,0,0
2020-02-25,2020,0,0,0,0,0,0,0,0,0,0,0
2020-02-26,2020,0,0,0,0,0,0,0,0,0,0,0
2020-02-27,2020,0,0,0,0,0,0,0,0,0,0,0
2020-02-28,2020,0,0,0,0,0,0,0,0,0,0,0
2020-02-29,2020,0,0,0,0,0,0,0,0,0,0,0
2020-03-01,2020,0,0,0,0,0,0,0,0,0,0,0
2020-03-02,2020,0,0,0,0,0,0,0,0,0,0,0
2020-03-03,2020,0,0,0,0,0,0,0,0,0,0,0
2020-03-04,2020,0,0,0,0,0,0,0,0,0,0,0
2020-03-05,2020,1,0,0,0,0,0,0,0,0,0,0
2020-03-06,2020,2,0,0,0,0,0,0,0,0,0,0
2020-03-07,2020,2,0,0,0,0,0,0,0,0,0,0
2020-03-08,2020,4,0,377,0,0,0,0,0,0,0,0
2020-03-09,2020,7,0,379,4,0,0,0,0,0,0,0
2020-03-10,2020,14,0,1452,5,0,0,0,0,0,0,0
2020-03-11,2020,19,0,2018,5,0,0,0,0,0,0,0
2020-03-12,2020,23,0,2619,5,0,0,0,0,0,0,0
2020-03-13,2020,29,0,4288,7,1,0,0,0,0,0,0
2020-03-14,2020,39,0,5458,9,2,0,0,0,0,0,0
2020-03-15,2020,56,0,7108,9,2,0,0,0,0,0,0
2020-03-16,2020,74,0,8887,9,2,0,0,0,0,0,0
2020-03-17,2020,97,0,10598,10,2,0,0,0,0,0,0
2020-03-18,2020,119,0,12355,12,3,0,0,0,0,0,0
2020-03-19,2020,146,1,17013,17,3,2,0,0,0,0,0
2020-03-20,2020,195,1,20360,19,8,3,0,0,0,0,0
2020-03-21,2020,226,1,23742,20,9,3,0,0,0,0,0
2020-03-22,2020,259,1,26999,23,10,3,0,0,0,0,0
2020-03-23,2020,301,1,30058,24,10,3,0,0,0,0,0
2020-03-24,2020,358,2,32776,26,10,3,0,0,0,0,0
2020-03-25,2020,419,2,35508,33,11,3,0,0,0,0,0
2020-03-26,2020,486,2,36660,37,11,27,0,0,0,0,0
2020-03-27,2020,542,2,38215,37,11,33,0,0,0,0,0
2020-03-28,2020,621,2,42527,38,13,53,0,0,0,0,0
2020-03-29,2020,661,3,44999,41,14,73,0,0,0,0,0
2020-03-30,2020,690,8,46057,43,15,94,0,0,0,0,0
2020-03-31,2020,754,9,48692,45,17,120,0,0,0,0,0
2020-04-01,2020,871,11,53141,45,18,142,0,0,0,0,0
2020-04-02,2020,968,13,57096,46,20,174,0,0,0,0,0
2020-04-03,2020,1075,18,61960,48,20,196,0,0,0,0,0
2020-04-04,2020,1181,20,64108,50,19,240,0,0,0,0,0
2020-04-05,2020,1250,23,64806,52,20,279,0,0,0,0,0
2020-04-06,2020,1348,24,65914,49,20,361,0,0,0,0,0
2020-04-07,2020,1373,26,67117,51,18,447,0,0,0,0,0
2020-04-08,2020,1423,29,68762,52,16,519,0,0,0,0,0
2020-04-09,2020,1451,32,70247,55,16,592,0,0,0,0,0
2020-04-10,2020,1500,39,72370,57,15,713,0,0,0,0,0
2020-04-11,2020,1569,40,75278,58,15,774,0,0,0,0,0
2020-04-12,2020,1651,44,77316,58,15,823,0,0,0,0,0
2020-04-13,2020,1732,46,79781,57,15,877,0,0,0,0,0
2020-04-14,2020,1870,48,82649,58,14,914,0,0,0,0,0
2020-04-15,2020,1996,48,85502,57,15,914,0,0,0,0,0
2020-04-16,2020,2158,50,88281,64,13,914,0,0,0,0,0
2020-04-17,2020,2397,50,89144,70,14,1124,0,0,0,0,0
2020-04-18,2020,2562,51,96897,75,14,1162,0,0,0,0,0
2020-04-19,2020,2803,55,101323,72,16,1198,0,0,0,0,0
2020-04-20,2020,2908,59,105317,78,19,1230,0,0,0,0,0
2020-04-21,2020,3095,61,109015,79,18,1273,0,0,0,0,0
2020-04-22,2020,3401,66,113499,77,20,1310,0,0,0,0,0
2020-04-23,2020,3720,68,117835,83,19,1357,0,0,0,0,0
2020-04-24,2020,4017,72,122447,84,18,1397,0,0,0,0,0
2020-04-25,2020,4233,73,127165,88,21,1471,0,0,0,0,0
2020-04-26,2020,4480,73,131572,89,19,1549,0,0,0,0,0
2020-04-27,2020,4696,75,135442,96,20,1664,0,0,0,0,0
2020-04-28,2020,4850,80,135442,99,19,1664,0,0,0,0,0
2020-04-29,2020,5165,87,143886,102,22,1953,0,0,0,0,0
2020-04-30,2020,5355,89,148937,109,21,2161,0,0,0,0,0
2020-05-01,2020,5573,92,153766,112,21,2359,0,0,0,0,0
2020-05-02,2020,5670,94,157517,108,23,2534,0,0,0,0,0
2020-05-03,2020,5766,95,161245,109,19,2713,0,0,0,0,0
2020-05-04,2020,5836,104,164722,110,21,2942,0,0,0,0,0
2020-05-05,2020,5893,106,167015,109,21,3219,0,0,0,0,0
2020-05-06,2020,5963,112,170509,110,21,3552,0,0,0,0,0
2020-05-07,2020,6017,114,174327,107,20,3809,0,0,0,0,0
2020-05-08,2020,6098,115,177559,109,19,4020,0,0,0,0,0
2020-05-09,2020,6157,116,181107,104,17,4204,0,0,0,0,0
2020-05-10,2020,6253,117,185293,97,16,4389,0,0,0,0,0
2020-05-11,2020,6300,117,188175,98,14,4659,0,0,0,0,0
2020-05-12,2020,6345,118,191330,99,13,4866,0,0,0,0,0
2020-05-13,2020,6407,120,195402,100,12,5076,0,0,0,0,0
2020-05-14,2020,6457,121,200218,97,10,5205,0,0,0,0,0
2020-05-15,2020,6515,125,204723,92,10,5317,0,0,0,0,0
2020-05-16,2020,6587,126,209317,91,9,5377,0,0,0,0,0
2020-05-17,2020,6644,127,213078,89,8,5453,0,0,0,0,0
2020-05-18,2020,6683,128,216536,89,9,5519,0,0,0,0,0
2020-05-19,2020,6716,128,218964,92,9,5584,0,0,0,0,0
2020-05-20,2020,6735,128,221571,88,8,5637,0,0,0,0,0
2020-05-21,2020,6768,132,225588,88,7,5710,0,0,0,0,0
2020-05-22,2020,6800,134,228793,87,6,5801,0,0,0,0,0
2020-05-23,2020,6818,135,232774,86,7,5869,0,0,0,0,0
2020-05-24,2020,6860,135,236789,82,7,5924,0,0,0,0,0
2020-05-25,2020,6879,138,239799,79,6,5979,0,0,0,0,0
2020-05-26,2020,6901,139,242781,80,5,6048,0,0,0,0,0
2020-05-27,2020,6926,141,245949,80,5,6106,0,0,0,0,0
2020-05-28,2020,6955,142,245949,82,4,6160,0,0,0,0,0
2020-05-29,2020,6979,142,253459,83,4,6159,0,0,0,0,0
2020-05-30,2020,6992,143,257227,91,5,6245,0,0,0,0,0
2020-05-31,2020,7010,143,260365,87,6,6283,0,0,0,0,0
2020-06-01,2020,7044,143,263074,86,6,6501,0,0,0,0,0
2020-06-02,2020,7057,143,266301,87,6,6537,0,0,0,0,0
2020-06-03,2020,7076,145,271298,88,6,6587,0,0,0,0,0
2020-06-04,2020,7091,146,275524,84,6,6611,0,0,0,0,0
2020-06-05,2020,7098,146,281979,82,7,6624,0,0,0,0,0
2020-06-06,2020,7138,146,287671,79,7,6656,0,0,0,0,0
2020-06-07,2020,7138,146,287671,79,7,6656,0,0,0,0,0
2020-06-08,2020,7202,147,298696,81,7,6698,0,0,0,0,0
2020-06-09,2020,7229,149,303689,81,7,6722,0,0,0,0,0
2020-06-10,2020,7276,149,310271,81,8,6754,0,0,0,0,0
2020-06-11,2020,7316,149,317402,84,7,6788,0,0,0,0,0
2020-06-12,2020,7346,149,325148,91,7,6811,0,0,0,0,0
2020-06-13,2020,7383,150,331938,97,8,6830,0,0,0,0,0
2020-06-14,2020,7433,150,339849,89,8,6861,0,0,0,0,0
2020-06-15,2020,7447,151,343311,92,9,6862,0,0,0,0,0
2020-06-16,2020,7482,151,349836,95,9,6882,0,0,0,0,0
2020-06-17,2020,7530,151,356818,94,10,6893,0,0,0,0,0
2020-06-18,2020,7579,152,364729,93,9,6938,0,0,0,0,0
2020-06-19,2020,7625,152,373724,95,7,6961,0,0,0,0,0
2020-06-20,2020,7673,152,381075,92,7,6996,0,0,0,0,0
2020-06-21,2020,7704,152,389405,87,7,7018,0,0,0,0,0
2020-06-22,2020,7736,153,396300,86,6,7041,0,0,0,0,0
2020-06-23,2020,7781,153,402837,85,6,7096,0,0,0,0,0
2020-06-24,2020,7825,153,409352,85,7,7134,0,0,0,0,0
2020-06-25,2020,7850,154,415716,84,8,7191,0,0,0,0,0
2020-06-26,2020,7888,154,422351,82,9,7225,0,0,0,0,0
2020-06-27,2020,7957,154,428743,81,9,7283,0,0,0,0,0
2020-06-28,2020,7996,154,435254,78,9,7322,0,0,0,0,0
2020-06-29,2020,8067,154,442253,78,10,7354,0,0,0,0,0
2020-06-30,2020,8108,154,449451,81,10,7405,0,0,0,0,0
2020-07-01,2020,8138,154,449451,81,9,7405,0,0,0,0,0
2020-07-02,2020,8202,155,464070,78,9,7505,0,0,0,0,0
2020-07-03,2020,8259,155,470809,76,10,7532,0,0,0,0,0
2020-07-04,2020,8288,155,476779,81,9,7532,0,0,0,0,0
2020-07-05,2020,8340,155,482324,80,8,7532,0,0,0,0,0
2020-07-06,2020,8389,155,487915,80,6,7627,0,0,0,0,0
2020-07-07,2020,8436,157,493935,82,6,7659,0,0,0,0,0
2020-07-08,2020,8482,158,500203,81,7,7716,0,0,0,0,0
2020-07-09,2020,8519,160,507169,72,7,7768,0,0,0,0,0
2020-07-10,2020,8596,160,514970,72,9,7833,0,0,0,0,0
2020-07-11,2020,8650,160,522516,68,8,7918,0,0,0,0,0
2020-07-12,2020,8746,160,532511,71,11,7956,0,0,0,0,0
2020-07-13,2020,8826,161,540102,72,13,7989,0,0,0,0,0
2020-07-14,2020,8912,163,545902,77,13,8048,0,0,0,0,0
2020-07-15,2020,8994,163,552276,80,7,8127,0,0,0,0,0
2020-07-16,2020,9114,165,560493,81,9,8142,0,0,0,0,0
2020-07-17,2020,9219,167,566972,85,16,8193,0,0,0,0,0
2020-07-18,2020,9384,167,576700,91,16,8236,0,0,0,0,0
2020-07-19,2020,9490,167,583553,95,15,8271,0,0,0,0,0
2020-07-20,2020,9587,170,590502,95,17,8308,0,0,0,0,0
2020-07-21,2020,9728,172,598317,101,16,8363,0,0,0,0,0
2020-07-22,2020,9861,174,606465,102,18,8436,0,0,0,0,0
2020-07-23,2020,9975,176,614692,106,21,8506,0,0,0,0,0
2020-07-24,2020,10086,178,623442,95,19,8567,0,0,0,0,0
2020-07-25,2020,10196,178,634059,95,16,8637,0,0,0,0,0
2020-07-26,2020,10299,178,643907,87,16,8705,0,0,0,0,0
2020-07-27,2020,10390,186,651335,91,17,8774,0,0,0,0,0
2020-07-28,2020,10470,187,659242,98,16,8866,0,0,0,0,0
2020-07-29,2020,10603,190,668226,95,17,8983,0,0,0,0,0
2020-07-30,2020,10716,195,676913,94,18,9113,0,0,0,0,0
2020-07-31,2020,10843,196,685297,86,17,9261,0,0,0,0,0
2020-08-01,2020,10940,196,696798,91,16,9410,0,0,0,0,0
2020-08-02,2020,11007,196,705942,85,18,9521,0,0,0,0,0
2020-08-03,2020,11081,196,712875,86,18,9581,0,0,0,0,0
2020-08-04,2020,11146,201,720111,85,23,9754,0,0,0,0,0
2020-08-05,2020,11240,203,727335,75,20,9891,0,0,0,0,0
2020-08-06,2020,11296,205,735322,76,19,9984,0,0,0,0,0
2020-08-07,2020,11430,208,743885,77,18,10097,0,0,0,0,0
2020-08-08,2020,11538,208,743885,73,17,10255,0,0,0,0,0
2020-08-09,2020,11639,208,743885,70,17,10328,0,0,0,0,0
2020-08-10,2020,11687,213,770266,68,14,10384,0,0,0,0,0
2020-08-11,2020,11772,216,777325,51,14,10552,0,0,0,0,0
2020-08-12,2020,11893,217,785361,50,13,10632,0,0,0,0,0
2020-08-13,2020,11969,220,793114,50,12,10713,0,0,0,0,0
2020-08-14,2020,12053,221,801360,48,13,10796,0,0,0,0,0
2020-08-15,2020,12148,221,801360,48,13,10796,0,0,0,0,0
2020-08-16,2020,12234,221,801360,48,13,10796,0,0,0,0,0
2020-08-17,2020,12330,224,829622,45,10,11056,0,0,0,0,0
2020-08-18,2020,12419,225,837649,48,11,11025,0,0,0,0,0
2020-08-19,2020,12501,227,846681,48,12,11167,0,0,0,0,0
2020-08-20,2020,12604,228,855968,43,12,11292,0,0,0,0,0
2020-08-21,2020,12748,230,865835,43,9,11374,0,0,0,0,0
2020-08-22,2020,12831,230,865835,43,9,11374,0,0,0,0,0
2020-08-23,2020,12937,230,865835,43,9,11374,0,0,0,0,0
2020-08-24,2020,13006,234,894611,45,9,11600,0,0,0,0,0
2020-08-25,2020,13083,235,903052,46,7,11714,0,0,0,0,0
2020-08-26,2020,13210,235,912302,48,7,11799,0,0,0,0,0
2020-08-27,2020,13318,237,922397,49,7,11923,0,0,0,0,0
2020-08-28,2020,13476,237,933365,44,7,12054,0,0,0,0,0
2020-08-29,2020,13609,237,933365,44,7,12054,0,0,0,0,0
2020-08-30,2020,13793,237,933365,44,7,12054,0,0,0,0,0
2020-08-31,2020,13902,239,967083,44,8,12293,0,0,0,0,0
2020-09-01,2020,14066,241,976423,50,10,12427,0,0,0,0,0
2020-09-02,2020,14180,242,984736,50,9,12535,0,0,0,0,0
2020-09-03,2020,14310,242,994289,46,9,12653,0,0,0,0,0
2020-09-04,2020,14474,242,1005001,47,9,12799,0,0,0,0,0
2020-09-05,2020,14628,242,1016426,47,9,12799,0,0,0,0,0
2020-09-06,2020,14799,242,1027794,47,9,12799,0,0,0,0,0
2020-09-07,2020,14936,242,1039885,47,9,12799,0,0,0,0,0
2020-09-08,2020,15093,247,1052446,45,10,13154,0,0,0,0,0
2020-09-09,2020,15191,248,1052446,45,7,13358,0,0,0,0,0
2020-09-10,2020,15304,253,1072681,43,7,13557,0,0,0,0,0
2020-09-11,2020,15415,253,1084670,41,6,13718,0,0,0,0,0
2020-09-12,2020,15520,253,1084670,41,6,13718,0,0,0,0,0
2020-09-13,2020,15693,253,1084670,41,6,13718,0,0,0,0,0
2020-09-14,2020,15833,254,1130828,37,7,14041,0,0,0,0,0
2020-09-15,2020,15957,254,1143818,39,7,14212,0,0,0,0,0
2020-09-16,2020,16128,254,1156369,38,6,14379,0,0,0,0,0
2020-09-17,2020,16274,254,1169378,41,8,14537,0,0,0,0,0
2020-09-18,2020,16381,255,1180696,44,7,14702,0,0,0,0,0
2020-09-19,2020,16500,255,1180696,44,7,14702,0,0,0,0,0
2020-09-20,2020,16602,255,1180696,44,7,14702,0,0,0,0,0
2020-09-21,2020,16739,256,1215672,51,9,15024,0,0,0,0,0
2020-09-22,2020,16889,258,1229939,51,9,15066,0,0,0,0,0
2020-09-23,2020,17032,260,1242263,59,13,15252,0,0,0,0,0
2020-09-24,2020,17190,261,1255039,58,14,15467,0,0,0,0,0
2020-09-25,2020,17343,261,1269261,56,14,15585,0,0,0,0,0
2020-09-26,2020,17403,261,1269261,56,14,15585,0,0,0,0,0
2020-09-27,2020,17587,261,1269261,56,14,15585,0,0,0,0,0
2020-09-28,2020,17749,265,1320550,63,15,15935,0,0,0,0,0
2020-09-29,2020,17909,266,1336742,63,13,16072,0,0,0,0,0
2020-09-30,2020,18062,267,1350800,64,13,16213,0,0,0,0,0
2020-10-01,2020,18235,269,1365496,64,12,16370,0,0,0,0,0
2020-10-02,2020,18357,272,1378898,64,15,16527,0,0,0,0,0
2020-10-03,2020,18454,272,1378898,64,15,16527,0,0,0,0,0
2020-10-04,2020,18717,272,1378898,64,15,16527,0,0,0,0,0
2020-10-05,2020,18935,280,1424946,62,14,16872,0,0,0,0,0
2020-10-06,2020,19211,281,1442603,61,13,17030,0,0,0,0,0
2020-10-07,2020,19354,281,1456219,66,13,17163,0,0,0,0,0
2020-10-08,2020,19718,282,1472658,77,13,17338,0,0,0,0,0
2020-10-09,2020,19995,282,1498064,86,11,17488,0,0,0,0,0
2020-10-10,2020,20231,282,1498064,86,11,17488,0,0,0,0,0
2020-10-11,2020,20490,282,1498064,86,11,17488,0,0,0,0,0
2020-10-12,2020,20736,282,1498064,86,11,17488,0,0,0,0,0
2020-10-13,2020,20956,286,1556275,97,13,18055,0,0,0,0,0
2020-10-14,2020,21199,287,1571176,100,14,18223,0,0,0,0,0
2020-10-15,2020,21443,288,1583918,101,16,18417,0,0,0,0,0
2020-10-16,2020,21775,288,1598145,117,11,18651,0,0,0,0,0
2020-10-17,2020,22086,288,1598145,117,11,18651,0,0,0,0,0
2020-10-18,2020,22317,288,1598145,117,11,18651,0,0,0,0,0
2020-10-19,2020,22673,292,1640351,117,18,19243,0,0,0,0,0
2020-10-20,2020,22996,293,1653361,116,16,19500,0,0,0,0,0
2020-10-21,2020,23402,296,1668277,113,16,19734,0,0,0,0,0
2020-10-22,2020,23829,296,1682603,112,18,20014,0,0,0,0,0
2020-10-23,2020,24261,300,1697849,112,14,20310,0,0,0,0,0
2020-10-24,2020,24657,300,1697849,112,14,20310,0,0,0,0,0
2020-10-25,2020,25229,300,1697849,112,14,20310,0,0,0,0,0
2020-10-26,2020,25733,307,1744042,118,16,20949,0,0,0,0,0
2020-10-27,2020,26155,309,1753379,123,16,21108,0,0,0,0,0
2020-10-28,2020,26565,313,1764020,125,19,21459,0,0,0,0,0
2020-10-29,2020,27042,318,1776206,130,18,21803,0,0,0,0,0
2020-10-30,2020,27664,323,1789173,140,25,22169,0,0,0,0,0
2020-10-31,2020,28245,323,1789173,140,25,22169,0,0,0,0,0
2020-11-01,2020,28770,323,1789173,140,25,22169,0,0,0,0,0
2020-11-02,2020,29362,323,1789173,140,25,22169,0,0,0,0,0
2020-11-03,2020,29932,338,1835293,167,27,23484,0,0,0,0,0
2020-11-04,2020,30447,343,1842754,164,30,23874,0,0,0,0,0
2020-11-05,2020,31249,343,1842754,164,30,24268,0,0,0,0,0
2020-11-06,2020,31858,351,1869237,171,33,24661,0,0,0,0,0
2020-11-07,2020,32777,356,1869237,171,33,25112,0,0,0,0,0
2020-11-08,2020,33516,362,1869237,171,33,25441,0,0,0,0,0
2020-11-09,2020,34160,369,1869237,192,39,25826,0,0,0,0,0
2020-11-10,2020,34873,376,1869237,207,43,26407,0,0,0,0,0
2020-11-11,2020,35545,383,1869237,217,46,26407,0,0,0,0,0
2020-11-12,2020,36405,393,1869237,225,51,27707,0,0,0,0,0
2020-11-13,2020,37312,398,1869237,240,54,28321,0,0,0,0,0
2020-11-14,2020,38338,401,1869237,256,54,28321,0,0,0,0,0
2020-11-15,2020,39329,407,1869237,262,58,29279,0,0,0,0,0
2020-11-16,2020,40189,427,1869237,264,57,29731,0,0,0,0,0
2020-11-17,2020,40962,432,1869237,268,57,30462,0,0,0,0,0
2020-11-18,2020,41692,443,1869237,287,57,31192,0,0,0,0,0
2020-11-19,2020,42797,451,1869237,284,61,31964,0,0,0,0,0
2020-11-20,2020,43952,462,2069375,310,58,32835,0,0,0,0,0
2020-11-21,2020,45288,471,2088614,320,56,33543,0,0,0,0,0
2020-11-22,2020,46872,471,2108178,319,60,34206,0,0,0,0,0
2020-11-23,2020,48421,476,2127729,328,62,34779,0,0,0,0,0
2020-11-24,2020,49536,491,2141346,348,66,35695,0,0,0,0,0
2020-11-25,2020,50801,500,2157044,355,71,36582,0,0,0,0,0
2020-11-26,2020,51878,510,2173038,383,84,37316,0,0,0,0,0
2020-11-27,2020,53105,519,2189368,405,86,38369,0,0,0,0,0
2020-11-28,2020,54836,524,2211110,415,88,39381,0,0,0,0,0
2020-11-29,2020,56444,533,2234470,435,95,40219,0,0,0,0,0
2020-11-30,2020,58177,541,2255072,453,96,41182,0,0,0,0,0
2020-12-01,2020,59484,551,2270972,479,97,42305,0,0,0,0,0
2020-12-02,2020,61169,561,2289456,504,97,43464,0,0,0,0,0
2020-12-03,2020,63023,575,2309153,511,97,44705,0,0,0,0,0
2020-12-04,2020,64851,590,2326411,533,99,46018,0,0,0,0,0
2020-12-05,2020,66730,596,2347555,563,101,47328,0,0,0,0,0
2020-12-06,2020,68566,615,2371092,601,100,48467,0,0,0,0,0
2020-12-07,2020,70301,631,2391604,609,108,49603,0,0,0,0,0
2020-12-08,2020,72028,640,2410675,654,112,51000,0,0,0,0,0
2020-12-09,2020,73488,653,2427514,685,121,52636,0,0,0,0,0
2020-12-10,2020,75054,666,2444373,682,124,54225,0,0,0,0,0
2020-12-11,2020,76792,684,2465429,684,123,55947,0,0,0,0,0
2020-12-12,2020,78382,697,2485751,681,128,57613,0,0,0,0,0
2020-12-13,2020,80099,719,2507588,681,136,58818,0,0,0,0,0
2020-12-14,2020,81986,733,2528107,716,136,60130,0,0,0,0,3900
2020-12-15,2020,83327,744,2544564,742,137,61934,0,0,0,0,3900
2020-12-16,2020,84597,760,2562225,749,139,63668,0,0,0,0,3900
2020-12-17,2020,86168,790,2582185,763,138,65513,394,0,0,0,3900
2020-12-18,2020,87581,815,2601802,759,141,67159,394,0,0,0,3900
2020-12-19,2020,88933,841,2620400,777,151,68832,394,0,0,0,3900
2020-12-20,2020,90219,851,2638451,760,149,70167,394,0,0,0,3900
2020-12-21,2020,91459,860,2656852,795,151,71434,2148,0,0,0,3900
2020-12-22,2020,92480,871,2671156,802,152,73298,3074,0,0,0,3900
2020-12-23,2020,93781,890,2690432,821,146,75070,3636,0,0,0,29250
2020-12-24,2020,94788,920,2706032,821,146,75070,4711,0,0,0,29250
2020-12-25,2020,95979,938,2720232,821,146,75070,4711,0,0,0,29250
2020-12-26,2020,96893,955,2738032,821,146,75070,4711,0,0,0,29250
2020-12-27,2020,97352,982,2744932,821,146,75070,4711,0,0,0,29250
2020-12-28,2020,98269,1002,2754873,878,148,81780,6016,0,0,0,29250
2020-12-29,2020,99141,1028,2765925,890,153,83328,6502,0,0,0,46150
2020-12-30,2020,100428,1046,2780732,921,152,84827,8544,0,0,0,46150
2020-12-31,2020,101654,1046,2797632,921,152,84827,11102,0,0,0,46150
2021-01-01,2021,103015,1046,2813932,921,152,84827,14244,0,0,0,46150
2021-01-02,2021,103948,1046,2826632,921,152,84827,14244,0,0,0,46150
2021-01-03,2021,104407,1046,2834732,921,152,84827,14244,0,0,0,46150
2021-01-04,2021,105535,1142,2847016,905,136,90554,22861,0,0,0,46150
2021-01-05,2021,106378,1168,2857374,919,140,91799,26269,0,0,0,46150
2021-01-06,2021,107501,1193,2873566,911,141,92858,30033,0,0,0,46150
2021-01-07,2021,108469,1217,2888432,871,139,93954,33864,0,0,0,46150
2021-01-08,2021,109652,1241,2905255,851,135,94783,37686,0,0,0,59800
2021-01-09,2021,110641,1272,2918838,827,132,94932,42333,0,0,0,59800
2021-01-10,2021,111452,1284,2931190,794,128,96052,44994,0,0,0,59800
2021-01-11,2021,112091,1307,2941072,811,130,96867,46791,0,0,0,59800
2021-01-12,2021,112743,1345,2950446,819,132,98178,52318,0,0,0,59800
2021-01-13,2021,113618,1368,2966346,820,137,99412,58144,0,0,0,84175
2021-01-14,2021,114585,1389,2982611,806,136,100762,66953,0,0,0,84175
2021-01-15,2021,115370,1402,2996232,796,124,101779,74110,0,0,0,84175
2021-01-16,2021,116087,1417,3008718,765,122,101957,81561,0,0,0,84175
2021-01-17,2021,116837,1436,3020251,738,123,103167,85935,0,0,0,101275
2021-01-18,2021,117311,1447,3028888,739,120,103941,89814,0,0,0,101275
2021-01-19,2021,117767,1463,3037183,740,119,105208,92315,0,0,0,101275
2021-01-20,2021,118436,1484,3052116,744,124,106387,95243,7272,0,0,101275
2021-01-21,2021,119114,1500,3066222,726,119,107358,96506,7272,0,0,101275
2021-01-22,2021,119757,1512,3079284,691,115,108258,97785,7272,0,0,122725
2021-01-23,2021,120330,1525,3090223,676,114,109078,98807,7272,0,0,122725
2021-01-24,2021,120793,1549,3100486,652,111,109733,99047,7272,0,0,122725
2021-01-25,2021,121535,1574,3108982,637,113,110622,99453,9876,0,0,122725
2021-01-26,2021,121901,1587,3117301,626,108,111662,99814,10174,0,0,122725
2021-01-27,2021,122360,1599,3130184,604,110,112558,101123,11362,0,0,122725
2021-01-28,2021,122821,1605,3142545,591,112,113174,102524,12672,0,0,122725
2021-01-29,2021,123364,1619,3154153,594,110,113939,104327,14352,0,0,122725
2021-01-30,2021,123747,1630,3164563,582,103,114586,105752,15648,0,0,122725
2021-01-31,2021,124208,1639,3173530,561,101,115064,106254,16118,0,0,122725
2021-02-01,2021,124563,1649,3180848,556,102,115527,106347,16209,0,0,122725
2021-02-02,2021,124831,1660,3188779,556,97,116259,107438,17191,0,0,122725
2021-02-03,2021,125090,1671,3195613,539,94,116820,109341,18970,0,0,122725
2021-02-04,2021,125672,1684,3213391,517,93,117400,112388,21794,0,0,122725
2021-02-05,2021,126068,1693,3223404,475,89,117968,114066,23268,0,0,132475
2021-02-06,2021,126416,1705,3236038,457,84,118445,116716,25540,0,0,132475
2021-02-07,2021,126767,1709,3244309,434,81,118816,118384,27048,0,0,132475
2021-02-08,2021,127036,1710,3250517,432,76,119130,120357,28991,0,0,132475
2021-02-09,2021,127231,1722,3257539,427,78,119678,124325,32690,0,0,132475
2021-02-10,2021,127570,1728,3268436,421,77,120136,129452,36999,0,0,132475
2021-02-11,2021,127921,1744,3278428,397,71,120676,135575,42162,0,0,159075
2021-02-12,2021,128235,1760,3286857,371,66,121068,140389,45910,0,0,159075
2021-02-13,2021,128540,1775,3294952,359,64,121494,144114,49166,0,0,159075
2021-02-14,2021,128824,1780,3302945,351,60,121829,145841,50855,0,0,159075
2021-02-15,2021,129075,1782,3308358,356,58,122071,146603,51611,0,0,159075
2021-02-16,2021,129338,1791,3313593,365,56,122554,149138,54024,0,0,159075
2021-02-17,2021,129615,1798,3321090,370,60,122960,152056,56594,0,0,159075
2021-02-18,2021,130030,1805,3331372,362,55,123338,155532,58674,0,0,159075
2021-02-19,2021,130355,1812,3340763,352,55,123703,160423,61519,0,0,205875
2021-02-20,2021,130735,1818,3349153,336,51,124114,165527,63882,0,0,205875
2021-02-21,2021,131063,1827,3356719,321,53,124478,169441,66357,0,0,205875
2021-02-22,2021,131336,1843,3362786,324,53,124818,173539,69362,0,0,205875
2021-02-23,2021,131603,1853,3369128,326,51,125234,180755,73718,0,0,205875
2021-02-24,2021,132033,1866,3378594,307,56,125622,186572,77354,0,0,205875
2021-02-25,2021,132432,1874,3387829,280,56,126074,195572,80620,0,0,205875
2021-02-26,2021,132788,1877,3397051,269,55,126406,207300,82989,0,0,274965
2021-02-27,2021,133203,1883,3404838,262,51,126774,218696,85442,0,0,274965
2021-02-28,2021,133504,1886,3412356,250,46,127034,227678,87695,0,0,274965
2021-03-01,2021,133795,1888,3418308,257,48,127233,235508,88145,0,0,274965
2021-03-02,2021,134052,1890,3424190,261,54,127531,245054,88539,0,0,274965
2021-03-03,2021,134454,1902,3434559,251,48,127903,255283,89094,0,0,274965
2021-03-04,2021,134785,1911,3444062,245,47,128261,266231,89786,0,0,274965
2021-03-05,2021,135196,1913,3454639,243,44,128644,275719,90486,0,0,326445
2021-03-06,2021,135537,1914,3462799,247,42,128974,282674,90824,0,0,326445
2021-03-07,2021,135841,1914,3470923,247,42,128974,290391,90937,0,0,326445
2021-03-08,2021,136119,1920,3476408,254,36,129566,297692,91027,0,0,326445
2021-03-09,2021,136374,1926,3481853,263,37,129978,303823,91138,0,0,326445
2021-03-10,2021,136773,1928,3492276,254,37,130382,308962,91259,0,0,384945
2021-03-11,2021,137137,1933,3502457,259,38,130716,317574,91366,0,0,436425
2021-03-12,2021,137562,1935,3512381,257,38,131081,333379,91470,0,0,436425
2021-03-13,2021,138036,1940,3521284,254,35,131502,346135,91520,0,0,436425
2021-03-14,2021,138424,1946,3529644,248,38,131781,357983,91538,0,0,436425
2021-03-15,2021,138788,1949,3536280,255,42,132028,368124,91593,0,0,436425
2021-03-16,2021,139143,1952,3542314,260,44,132415,379882,91868,0,0,436425
2021-03-17,2021,139622,1956,3553163,262,44,132748,397492,92081,0,0,436425
2021-03-18,2021,140127,1957,3564100,264,43,133086,418663,92378,0,0,528845
2021-03-19,2021,140823,1957,3576041,276,48,133437,439069,92935,0,0,528845
2021-03-20,2021,141379,1961,3586041,279,47,133800,452690,92935,0,0,528845
2021-03-21,2021,141934,1963,3597464,282,47,134000,459856,93236,0,0,528845
2021-03-22,2021,142390,1968,3605024,280,48,134246,487493,93414,0,0,528845
2021-03-23,2021,142855,1971,3612369,290,53,134653,497280,93681,0,0,528845
2021-03-24,2021,143547,1973,3625233,285,53,135040,512248,93910,0,0,655205
2021-03-25,2021,144311,1976,3639307,294,55,135500,532171,94347,0,0,697415
2021-03-26,2021,145028,1979,3652640,284,59,135972,558763,94947,0,0,697415
2021-03-27,2021,145696,1980,3664180,283,65,136350,577223,95452,0,0,697415
2021-03-28,2021,146340,1983,3676148,277,63,136659,594723,96447,0,0,697415
2021-03-29,2021,146885,1983,3684525,288,64,136980,608302,97561,0,0,697415
2021-03-30,2021,147461,1987,3692606,301,58,137499,620009,99378,0,0,697415
2021-03-31,2021,148332,1990,3706367,301,63,137992,634997,101298,0,0,697415
2021-04-01,2021,149207,1994,3720003,292,59,138560,653010,103926,0,0,848315
2021-04-02,2021,150288,1994,3733354,292,59,138560,653010,103926,0,0,848315
2021-04-03,2021,151359,1994,3745449,292,59,138560,653010,103926,0,0,848315
2021-04-04,2021,152307,1994,3756636,292,59,138560,653010,103926,0,0,848315
2021-04-05,2021,153194,1998,3765738,312,76,140614,707482,116198,0,0,1078215
2021-04-06,2021,154125,2001,3774880,328,76,141315,734403,123272,0,0,1078215
2021-04-07,2021,155476,2002,3788952,333,79,142010,755831,133401,0,0,1078215
2021-04-08,2021,156905,2005,3804181,340,83,142713,779817,143625,0,0,1208955
2021-04-09,2021,158426,2007,3819812,333,83,143360,818689,154017,0,0,1208955
2021-04-10,2021,159719,2012,3834199,349,84,144020,847630,163532,0,0,1208955
2021-04-11,2021,160902,2013,3849108,376,90,144596,847630,163532,0,0,1208955
2021-04-12,2021,162038,2018,3861430,390,90,145171,932258,176941,0,0,1208955
2021-04-13,2021,163119,2021,3873417,402,88,146011,970272,186156,0,0,1208955
2021-04-14,2021,164531,2029,3889185,420,92,146933,1004123,194012,0,0,1208955
2021-04-15,2021,166177,2034,3906400,416,86,147920,1043570,202841,0,0,1449695
2021-04-16,2021,167793,2034,3923326,423,93,149000,1082391,202841,0,0,1449695
2021-04-17,2021,169279,2037,3939690,445,94,149935,1121901,220472,0,0,1449695
2021-04-18,2021,170795,2040,3955098,451,103,150820,1147048,220472,0,0,1449695
2021-04-19,2021,172186,2043,3967736,460,104,151719,1165223,233340,0,0,1449695
2021-04-20,2021,173531,2048,3980901,476,105,153002,1196428,239277,0,0,1456295
2021-04-21,2021,175230,2048,3980901,476,105,153002,1232925,244527,0,0,1456295
2021-04-22,2021,177087,2054,4016838,518,116,155851,1275287,252422,0,0,1575635
2021-04-23,2021,178777,2059,4034404,549,125,157272,1319837,260231,0,0,1575635
2021-04-24,2021,180369,2064,4052195,584,129,158603,1361365,267195,0,0,1575635
2021-04-25,2021,181806,2067,4069285,594,140,159603,1398673,271490,0,0,1575635
2021-04-26,2021,183301,2074,4084180,616,145,160617,1419188,274289,0,0,1575635
2021-04-27,2021,184840,2067,4097963,635,143,162052,1468785,284870,0,0,1575635
2021-04-28,2021,186679,2073,4116949,643,145,163668,1497256,288595,0,0,1678595
2021-04-29,2021,188727,2075,4137568,632,151,165267,1528569,292765,0,0,1765875
2021-04-30,2021,190734,2082,4156536,649,152,166824,1562713,296290,0,0,1765875
2021-05-01,2021,193167,2083,4177040,646,152,168580,1597666,299929,0,0,1765875
2021-05-02,2021,194898,2086,4193683,648,155,169892,1621306,300755,0,0,1774065
2021-05-03,2021,196910,2090,4208791,658,154,171212,1640303,301398,0,0,1774065
2021-05-04,2021,198653,2099,4223375,671,150,172931,1668455,303509,0,0,1774065
2021-05-05,2021,200924,2102,4243889,666,146,174666,1694675,305511,0,0,1981155
2021-05-06,2021,203135,2102,4263840,654,146,176536,1732582,308027,0,0,2002215
2021-05-07,2021,205115,2106,4282841,659,150,178149,1792312,311908,0,0,2117615
2021-05-08,2021,207157,2108,4301676,661,148,179894,1846554,314504,0,0,2118915
2021-05-09,2021,208790,2110,4317240,668,155,181483,1889039,316357,0,0,2118915
2021-05-10,2021,210387,2117,4331220,690,158,182832,1916957,318841,0,0,2118915
2021-05-11,2021,211836,2119,4343100,705,163,184719,1947004,319779,0,0,2118915
2021-05-12,2021,213635,2123,4360671,737,169,186550,1975341,320751,0,0,2334195
2021-05-13,2021,215193,2132,4375995,722,177,188475,2019713,322247,0,0,2355255
2021-05-14,2021,216626,2137,4391097,713,177,190616,2086589,325409,0,0,2355255
2021-05-15,2021,217821,2140,4404085,686,178,192688,2144280,327063,0,0,2355255
2021-05-16,2021,218961,2143,4416002,647,186,194538,2189999,328414,0,0,2355255
2021-05-17,2021,219682,2148,4423042,678,181,196246,2217446,329613,0,0,2355255
2021-05-18,2021,220559,2152,4431142,691,187,198394,2243969,330602,0,0,2355255
2021-05-19,2021,221467,2158,4441575,685,185,200496,2271955,332276,0,0,2570525
2021-05-20,2021,222279,2162,4450645,665,177,202442,2312821,335482,0,0,2591585
2021-05-21,2021,223011,2164,4460823,638,177,204270,2401932,341610,0,0,2591585
2021-05-22,2021,223632,2170,4470348,617,164,205960,2460857,347008,0,0,2704785
2021-05-23,2021,224195,2176,4477321,581,162,207486,2506919,351541,0,0,2712185
2021-05-24,2021,224647,2183,4482447,569,161,208856,2532143,353292,0,0,2712185
2021-05-25,2021,225034,2192,4486483,565,158,210764,2552317,354462,0,0,2712185
2021-05-26,2021,225424,2198,4492487,548,157,212273,2578577,357963,0,0,2933315
2021-05-27,2021,225937,2199,4501525,538,150,213721,2615747,363926,0,0,2948525
2021-05-28,2021,226449,2206,4509265,517,147,214966,2668567,372151,0,0,2948525
2021-05-29,2021,226855,2214,4516174,478,140,216167,2720687,381015,0,0,2948525
2021-05-30,2021,227246,2219,4522783,446,138,216954,2759729,388200,0,0,2948525
2021-05-31,2021,227509,2227,4527212,439,133,217636,2781430,391175,0,0,2960425
2021-06-01,2021,227718,2228,4531332,438,127,218719,2811168,397209,0,0,2960425
2021-06-02,2021,228128,2231,4539671,435,122,219592,2841779,406712,0,0,3218995
2021-06-03,2021,228424,2236,4546523,411,120,220357,2888005,429489,0,0,3294095
2021-06-04,2021,228668,2243,4552352,379,108,221010,2951927,466269,0,0,3294095
2021-06-05,2021,228961,2246,4559205,373,105,221644,3013555,502833,0,0,3294095
2021-06-06,2021,229192,2246,4564551,360,96,222062,3057662,529502,0,0,3299195
2021-06-07,2021,229319,2248,4568610,351,94,222364,3084119,545853,0,0,3299195
2021-06-08,2021,229458,2251,4572062,336,85,222776,3123226,573211,0,0,3558935
2021-06-09,2021,229771,2256,4580621,329,83,223311,3157862,598139,0,0,3558935
2021-06-10,2021,229949,2262,4586127,306,81,223877,3215144,634774,0,0,3604835
2021-06-11,2021,230119,2265,4592829,296,79,224325,3273450,678541,0,0,3605035
2021-06-12,2021,230298,2269,4598320,290,74,224782,3336850,729137,0,0,3605035
2021-06-13,2021,230463,2270,4604136,272,75,225013,3384026,767586,0,0,3605035
2021-06-14,2021,230578,2270,4607469,270,73,225219,3412751,792356,0,0,3608535
2021-06-15,2021,230705,2274,4611956,271,68,225627,3480407,836613,0,0,3608535
2021-06-16,2021,230858,2278,4618678,255,67,225941,3533434,878594,0,0,3869645
2021-06-17,2021,231008,2280,4624731,242,58,226257,3583406,922276,0,0,3882325
2021-06-18,2021,231132,2283,4630314,237,58,226513,3654750,983186,0,0,3917395
2021-06-19,2021,231259,2289,4635380,221,49,226800,3721419,1040740,0,0,3917395
2021-06-20,2021,231359,2290,4640266,214,53,226942,3775674,1087769,0,0,4238385
2021-06-21,2021,231419,2292,4643107,214,56,227124,3804700,1113341,0,0,4238385
2021-06-22,2021,231476,2290,4648134,200,54,227413,3854208,1156974,0,0,4238385
2021-06-23,2021,231568,2292,4654476,199,56,227600,3903238,1200866,0,0,4238385
2021-06-24,2021,231641,2293,4660189,190,50,227768,3963419,1255174,0,0,4686695
2021-06-25,2021,231722,2293,4666289,190,50,227768,4022084,1307433,0,0,5008085
2021-06-26,2021,231786,2293,4666289,190,50,227768,4022084,1307433,0,0,5008085
2021-06-27,2021,231819,2293,4666289,190,50,227768,4022084,1307433,0,0,5008085
2021-06-28,2021,231850,2295,4682445,179,39,228294,4198463,1468958,0,0,5142005
2021-06-29,2021,231911,2299,4685899,170,36,228480,4266408,1532375,0,0,5142005
2021-06-30,2021,231987,2301,4692231,165,34,228631,4332883,1593400,0,0,5553085
2021-07-01,2021,232054,2301,4697485,165,34,228631,4332883,1593400,0,0,5553085
2021-07-02,2021,232097,2301,4702977,144,33,228901,4432975,1685067,0,0,5571595
2021-07-03,2021,232139,2301,4706915,144,33,228901,4432975,1685067,0,0,5571595
2021-07-04,2021,232192,2301,4711123,144,33,228901,4432975,1685067,0,0,5571595
2021-07-05,2021,232236,2303,4715386,136,32,229102,4578868,1819268,0,0,5571595
2021-07-06,2021,232269,2305,4719800,138,32,229201,4629699,1865718,0,0,5571595
2021-07-07,2021,232336,2307,4725967,140,30,229284,4673582,1905400,0,0,5571595
2021-07-08,2021,232359,2307,4731865,133,32,229355,4727966,1954653,0,0,5814595
2021-07-09,2021,232411,2307,4739182,126,35,229429,4777367,1998692,0,0,5814595
2021-07-10,2021,232442,2307,4739182,126,35,229429,4777367,1998692,0,0,5814595
2021-07-11,2021,232471,2307,4739182,126,35,229429,4777367,1998692,0,0,5814595
2021-07-12,2021,232501,2307,4755067,112,34,229570,4868593,2079950,0,0,5814595
2021-07-13,2021,232536,2310,4760048,112,33,229627,4894909,2102718,0,0,5814595
2021-07-14,2021,232582,2311,4766915,113,33,229702,4920417,2124395,0,0,5970205
2021-07-15,2021,232635,2312,4773129,107,31,229745,4947062,2147810,0,0,5966485
2021-07-16,2021,232676,2314,4779493,110,28,229783,4980821,2177629,0,0,5966485
2021-07-17,2021,232723,2314,4779493,110,28,229783,4980821,2177629,0,0,5966485
2021-07-18,2021,232768,2314,4779493,110,28,229783,4980821,2177629,0,0,5966485
2021-07-19,2021,232806,2316,4794715,100,27,229885,5056062,2244169,0,0,5966485
2021-07-20,2021,232875,2318,4799725,98,27,229951,5078635,2263438,0,0,5978185
2021-07-21,2021,232956,2318,4806208,95,27,229989,5100111,2281420,0,0,5978185
2021-07-22,2021,233062,2320,4812836,93,26,230066,5128351,2305939,0,0,5978185
2021-07-23,2021,233160,2322,4820447,84,26,230039,5157947,2331079,0,0,5978185
2021-07-24,2021,233311,2322,4820447,84,26,230039,5157947,2331079,0,0,5978185
2021-07-25,2021,233453,2322,4820447,84,26,230039,5157947,2331079,0,0,5978185
2021-07-26,2021,233547,2322,4838199,83,21,230142,5221375,2385526,0,0,6340885
2021-07-27,2021,233681,2325,4843631,82,21,230183,5240925,2401836,0,0,6340885
2021-07-28,2021,233875,2325,4850754,84,18,230216,5260033,2416999,0,0,6340885
2021-07-29,2021,234108,2325,4858605,89,20,230263,5277521,2430961,0,0,6611155
2021-07-30,2021,234295,2328,4866898,90,19,230312,5294361,2444290,0,0,6611155
2021-07-31,2021,234535,2328,4873609,90,19,230312,5294361,2444290,0,0,6611155
2021-08-01,2021,234765,2328,4879635,90,19,230312,5294361,2444290,0,0,6611155
2021-08-02,2021,234912,2328,4884028,90,19,230312,5294361,2444290,0,0,6611155
2021-08-03,2021,235038,2328,4888507,90,23,230534,5331823,2473169,0,0,6614665
2021-08-04,2021,235244,2328,4893926,97,23,230634,5344785,2482401,0,0,6614665
2021-08-05,2021,235641,2329,4901387,102,24,230786,5355254,2490236,0,0,6614665
2021-08-06,2021,236010,2325,4908688,113,25,230966,5365607,2497933,0,0,6614665
2021-08-07,2021,236408,2325,4908688,113,25,230966,5365607,2497933,0,0,6614665
2021-08-08,2021,236783,2325,4908688,113,25,230966,5365607,2497933,0,0,6614665
2021-08-09,2021,237027,2328,4928689,129,26,231319,5390219,2516133,0,0,6614665
2021-08-10,2021,237306,2330,4934103,133,29,231513,5398611,2522111,0,0,6614665
2021-08-11,2021,237807,2331,4942704,138,31,231707,5406352,2527502,0,0,6614665
2021-08-12,2021,238357,2331,4951299,146,36,231925,5415497,2533686,0,0,6763255
2021-08-13,2021,238939,2332,4960612,152,37,232169,5423834,2539474,0,0,6763255
2021-08-14,2021,239503,2332,4960612,152,37,232169,5423834,2539474,0,0,6763255
2021-08-15,2021,239954,2332,4960612,152,37,232169,5423834,2539474,0,0,6763255
2021-08-16,2021,240346,2333,4981128,161,43,232659,5443763,2553209,0,0,6763255
2021-08-17,2021,240753,2336,4986585,176,44,232790,5451895,2558550,0,0,6763255
2021-08-18,2021,241431,2338,4995804,184,48,233160,5459338,2563427,0,0,6763255
2021-08-19,2021,242248,2342,5005786,198,43,233539,5469437,2569991,0,0,6763255
2021-08-20,2021,242997,2343,5014810,221,48,233945,5477098,2574709,0,0,6763255
2021-08-21,2021,243818,2343,5014810,221,48,233945,5477098,2574709,0,0,6763255
2021-08-22,2021,244496,2343,5014810,221,48,233945,5477098,2574709,0,0,6767935
2021-08-23,2021,244969,2348,5037810,244,54,234844,5495479,2586927,0,0,6767935
2021-08-24,2021,245598,2355,5043825,258,57,235312,5503259,2591905,0,0,6767935
2021-08-25,2021,246674,2356,5055591,284,59,235822,5511274,2596749,0,0,6767935
2021-08-26,2021,247786,2360,5066185,308,64,236360,5520209,2601995,0,0,6767935
2021-08-27,2021,248954,2364,5077771,336,74,236935,5528420,2606944,0,0,6767935
2021-08-28,2021,250185,2364,5089257,336,74,236935,5528420,2606944,0,0,6767935
2021-08-29,2021,251145,2364,5098783,336,74,236935,5528420,2606944,0,0,6767935
2021-08-30,2021,252010,2371,5107111,401,98,238213,5551932,2621121,0,0,6767935
2021-08-31,2021,252930,2375,5114599,431,106,238895,5559321,2625549,0,0,6767935
2021-09-01,2021,254245,2383,5126751,465,107,239572,5566535,2629789,0,0,6767935
2021-09-02,2021,255584,2388,5139198,487,114,240328,5574762,2634271,0,0,6767935
2021-09-03,2021,256985,2390,5151785,515,118,241100,5583842,2639184,0,0,6768435
2021-09-04,2021,258315,2390,5162373,515,118,241100,5583842,2639184,0,0,6768435
2021-09-05,2021,259765,2390,5175219,515,118,241100,5583842,2639184,0,0,6768435
2021-09-06,2021,260585,2390,5182731,515,118,241100,5583842,2639184,0,0,6768435
2021-09-07,2021,261888,2407,5193139,602,137,243995,5611168,2654121,0,0,6768435
2021-09-08,2021,263054,2425,5203810,647,147,245011,5618821,2657735,0,0,6768435
2021-09-09,2021,264564,2434,5217687,679,154,246153,5626056,2661123,0,0,6897135
2021-09-10,2021,266037,2444,5231369,686,169,247328,5634146,2664986,0,0,6897135
2021-09-11,2021,267696,2444,5246068,686,169,247328,5634146,2664986,0,0,6897135
2021-09-12,2021,269193,2444,5258250,686,169,247328,5634146,2664986,0,0,6897135
2021-09-13,2021,270777,2462,5271582,803,198,249920,5656213,2676327,0,0,6897135
2021-09-14,2021,272211,2471,5283482,822,212,251475,5665956,2680933,0,0,6897135
2021-09-15,2021,273820,2495,5299380,877,218,252904,5674732,2685062,0,0,6897135
2021-09-16,2021,275538,2505,5315772,896,222,254327,5685024,2689686,0,0,6897135
2021-09-17,2021,277558,2523,5333147,911,215,255834,5754307,2699191,42745,0,6897135
2021-09-18,2021,279163,2523,5349673,911,215,255834,5754307,2699191,42745,0,6897135
2021-09-19,2021,280755,2523,5366202,911,215,255834,5754307,2699191,42745,0,6897135
2021-09-20,2021,282191,2545,5379591,954,216,259032,5816752,2720223,48334,0,6897135
2021-09-21,2021,283710,2574,5393226,996,222,260219,5853057,2738846,51440,0,6897135
2021-09-22,2021,285046,2594,5407842,1040,230,262148,5875001,2746141,54179,0,6897135
2021-09-23,2021,286706,2611,5425808,1058,226,263915,5896827,2753156,57922,0,6897135
2021-09-24,2021,288357,2622,5442743,1061,243,265695,5963532,2760404,106031,0,6897135
2021-09-25,2021,290239,2622,5442743,1061,243,265695,5963532,2760404,106031,0,6897135
2021-09-26,2021,291780,2622,5442743,1061,243,265695,5963532,2760404,106031,0,6897135
2021-09-27,2021,293538,2645,5488762,1063,265,269586,6013277,2777622,114757,0,6897135
2021-09-28,2021,294784,2663,5499940,1100,263,271608,6031708,2783275,118991,0,6897135
2021-09-29,2021,296466,2697,5515016,1084,268,273463,6049067,2788778,123124,0,6897135
2021-09-30,2021,298172,2717,5532675,1083,263,275200,6067562,2795057,127264,0,7300825
2021-10-01,2021,299802,2731,5548592,1066,263,276856,6085230,2801282,131547,0,7300825
2021-10-02,2021,301431,2731,5548592,1066,263,276856,6085230,2801282,131547,0,7300825
2021-10-03,2021,302713,2731,5548592,1066,263,276856,6085230,2801282,131547,0,7300825
2021-10-04,2021,303839,2752,5587985,1079,257,280413,6121821,2816254,137626,0,7300825
2021-10-05,2021,304501,2778,5596004,1094,252,282268,6142455,2824317,140445,0,7300825
2021-10-06,2021,305765,2804,5611469,1083,247,284049,6155243,2829302,143395,0,7300825
2021-10-07,2021,307019,2814,5627108,1094,248,285794,6173317,2834607,150555,0,7300825
2021-10-08,2021,308275,2830,5641910,1101,250,287606,6192093,2840719,157408,0,7300825
2021-10-09,2021,309360,2830,5656011,1101,250,287606,6192093,2840719,157408,0,7300825
2021-10-10,2021,310399,2830,5667648,1101,250,287606,6192093,2840719,157408,0,7300825
2021-10-11,2021,311027,2830,5675368,1101,250,287606,6192093,2840719,157408,0,7300825
2021-10-12,2021,311633,2863,5682701,1053,242,293475,6238674,2859926,170199,0,7300825
2021-10-13,2021,312285,2901,5691338,1027,236,295166,6259239,2867833,177499,0,7300825
2021-10-14,2021,313201,2930,5704121,1016,231,296848,6281014,2876419,184712,0,7300825
2021-10-15,2021,314252,2946,5718210,1000,229,298328,6304054,2886025,192180,0,7300825
2021-10-16,2021,315035,2946,5729926,1000,229,298328,6304054,2886025,192180,0,7300825
2021-10-17,2021,315826,2946,5741363,1000,229,298328,6304054,2886025,192180,0,7300825
2021-10-18,2021,316433,2976,5748528,981,225,301155,6350131,2910456,204617,0,7300825
2021-10-19,2021,316964,2988,5756580,964,218,302574,6368880,2919408,210976,0,7300825
2021-10-20,2021,317750,3006,5768711,928,203,303920,6389130,2928786,216581,0,7300825
2021-10-21,2021,318520,3014,5780619,912,201,305072,6406177,2937047,222134,0,7470529
2021-10-22,2021,319176,3026,5791387,889,191,306113,6424188,2945712,228280,0,7470529
2021-10-23,2021,319885,3026,5802240,889,191,306113,6424188,2945712,228280,0,7470529
2021-10-24,2021,320400,3026,5810930,889,191,306113,6424188,2945712,228280,0,7470529
2021-10-25,2021,320768,3051,5817343,821,182,308236,6465123,2968615,238312,0,7470529
2021-10-26,2021,321210,3063,5825156,836,183,308880,6482574,2978112,243327,0,7470529
2021-10-27,2021,321855,3073,5836524,810,184,310049,6497809,2986013,247859,0,7470529
2021-10-28,2021,322386,3085,5846824,779,185,310914,6513132,2993634,252760,0,7470529
2021-10-29,2021,322989,3093,5857350,765,180,311738,6528133,3001199,257477,0,7470529
2021-10-30,2021,323522,3093,5857350,765,180,311738,6528133,3001199,257477,0,7470529
2021-10-31,2021,323857,3093,5857350,765,180,311738,6528133,3001199,257477,0,7470529
2021-11-01,2021,324199,3111,5881766,689,157,313508,6559777,3019438,264511,0,7470529
2021-11-02,2021,324514,3119,5889309,691,159,314484,6559777,3019438,264511,0,7470529
2021-11-03,2021,325001,3133,5899679,697,155,315175,6583429,3031345,271185,0,7470529
2021-11-04,2021,325517,3137,5912074,677,146,315865,6594604,3036907,274434,0,7470529
2021-11-05,2021,325983,3142,5923541,660,141,316455,6606404,3042368,278608,0,7470529
2021-11-06,2021,326569,3142,5935081,660,141,316455,6606404,3042368,278608,0,7470529
2021-11-07,2021,326999,3142,5944047,660,141,316455,6606404,3042368,278608,0,7470529
2021-11-08,2021,327283,3155,5949573,608,135,317741,6631562,3055861,285261,0,7470529
2021-11-09,2021,327705,3159,5957904,608,128,318456,6649757,3062147,294298,0,7470529
2021-11-10,2021,328189,3164,5969081,582,123,319017,6663471,3066646,301442,0,7470529
2021-11-11,2021,328659,3164,5980675,582,123,319017,6663471,3066646,301442,0,7470529
2021-11-12,2021,329030,3171,5989518,554,110,320114,6686587,3075466,312076,0,7470529
2021-11-13,2021,329459,3171,5997507,554,110,320114,6686587,3075466,312076,0,7470529
2021-11-14,2021,329812,3171,6004653,554,110,320114,6686587,3075466,312076,0,7470529
2021-11-15,2021,330098,3188,6011292,519,100,321082,6717007,3089894,322878,0,7705039
2021-11-16,2021,330419,3201,6017771,518,101,321653,6730737,3095778,328070,0,7705039
2021-11-17,2021,330831,3204,6027518,516,100,322106,6740264,3100742,331514,0,7705039
2021-11-18,2021,331214,3209,6036473,498,94,322621,6762812,3111427,336010,0,7705039
2021-11-19,2021,331626,3211,6045155,496,93,323122,6772885,3115782,340107,0,7705039
2021-11-20,2021,332096,3211,6045155,496,93,323122,6772885,3115782,340107,0,7705039
2021-11-21,2021,332482,3211,6045155,496,93,323122,6772885,3115782,340107,0,7705039
2021-11-22,2021,332751,3217,6067076,463,98,324223,6796955,3127299,347725,0,7705039
2021-11-23,2021,333004,3227,6072368,475,94,324776,6807172,3131850,351418,0,7705039
2021-11-24,2021,333468,3231,6082800,470,97,325204,6816267,3133660,354526,0,7705039
2021-11-25,2021,333847,3232,6092407,465,98,325646,6825144,3139789,357747,0,7705039
2021-11-26,2021,334203,3235,6101108,455,90,325951,6834512,3143861,361387,0,7705039
2021-11-27,2021,334528,3235,6101108,455,90,325951,6834512,3143861,361387,0,7705039
2021-11-28,2021,334781,3235,6101108,455,90,325951,6834512,3143861,361387,0,7705039
2021-11-29,2021,335009,3242,6120292,432,77,326917,6872448,3152497,368821,0,7705039
2021-11-30,2021,335247,3248,6125651,434,81,327454,6890791,3152894,373482,0,7705039
2021-12-01,2021,335677,3255,6136444,424,79,327803,6910936,3161395,378507,0,7705039
2021-12-02,2021,336043,3257,6145923,419,76,328247,6927839,3164417,384249,0,7705039
2021-12-03,2021,336392,3258,6155627,395,78,328694,6949321,3163881,394704,0,8434219
2021-12-04,2021,336392,3258,6155627,395,78,328694,6949321,3163881,394704,0,8434219
2021-12-05,2021,336392,3258,6155627,395,78,328694,6949321,3163881,394704,0,8434219
2021-12-06,2021,337180,3263,6176161,366,72,329543,6999288,3170483,418188,0,8434219
2021-12-07,2021,337420,3268,6181640,373,76,330047,7028981,3173052,438580,0,8434219
2021-12-08,2021,337808,3272,6192360,373,68,330396,7052158,3179397,454151,0,8434219
2021-12-09,2021,338141,3271,6202409,368,70,330776,7072355,3177594,467352,0,8434219
2021-12-10,2021,338428,3272,6211558,367,71,331097,7094431,3184238,482534,0,8434219
2021-12-11,2021,338801,3272,6220163,367,71,331097,7094431,3184238,482534,0,8434219
2021-12-12,2021,339089,3272,6226646,367,71,331097,7094431,3184238,482534,0,8434219
2021-12-13,2021,339291,3275,6232389,357,68,331834,7147330,3189994,514749,0,8434219
2021-12-14,2021,339541,3283,6238831,366,70,332242,7170647,3192330,532280,0,8434219
2021-12-15,2021,339997,3286,6248951,362,71,332629,7194947,3195968,547909,0,8434219
2021-12-16,2021,340470,3285,6258563,352,70,332973,7223655,3193650,571363,0,8434219
2021-12-17,2021,341023,3286,6268265,344,68,333306,7251484,3195552,594730,0,8799859
2021-12-18,2021,341650,3286,6268265,344,68,333306,7251484,3195552,594730,0,8799859
2021-12-19,2021,342371,3286,6268265,344,68,333306,7251484,3195552,594730,0,8799859
2021-12-20,2021,342948,3292,6293577,324,69,334004,7323559,3205333,649557,0,8799859
2021-12-21,2021,343734,3294,6300863,329,69,334395,7356384,3202741,675714,0,8799859
2021-12-22,2021,345080,3299,6312374,326,65,334716,7400284,3209368,714009,0,8799859
2021-12-23,2021,346705,3299,6324270,318,64,335047,7452649,3211241,761153,0,8799859
2021-12-24,2021,348715,3299,6335895,318,64,335047,7452649,3211241,761153,0,8799859
2021-12-25,2021,351199,3299,6347374,318,64,335047,7452649,3211241,761153,0,8799859
2021-12-26,2021,352767,3299,6354614,318,64,335047,7452649,3211241,761153,0,8799859
2021-12-27,2021,353453,3299,6358698,318,64,335047,7452649,3211241,761153,0,8799859
2021-12-28,2021,354848,3299,6365171,318,64,335047,7452649,3211241,761153,0,8799859
2021-12-29,2021,357623,3310,6374569,349,57,336917,7594578,3212007,887392,0,8799859
2021-12-30,2021,361795,3310,6387952,371,48,336917,7594578,3212007,887392,0,9480789
2021-12-31,2021,366409,3310,6401337,371,48,336917,7594578,3212007,887392,0,9480789
2022-01-01,2022,370979,3310,6414090,371,48,336917,7594578,3212007,887392,0,9480789
2022-01-02,2022,374302,3310,6423542,371,48,336917,7594578,3212007,887392,0,9480789
2022-01-03,2022,376361,3310,6430623,371,48,336917,7594578,3212007,887392,0,9480789
2022-01-04,2022,379374,3322,6438855,436,61,341776,7736808,3218524,1011928,0,9480789
2022-01-05,2022,384126,3333,6451549,470,72,343597,7764479,3220009,1035726,0,9480789
2022-01-06,2022,388995,3336,6463880,498,64,345762,7794080,3227007,1060865,0,9480789
2022-01-07,2022,395252,3338,6480159,504,64,348500,7825022,3223444,1087405,0,9480789
2022-01-08,2022,401413,3338,6480159,504,64,348500,7825022,3223444,1087405,0,9480789
2022-01-09,2022,407548,3338,6480159,504,64,348500,7825022,3223444,1087405,0,9480789
2022-01-10,2022,412829,3344,6525425,635,72,352153,7900731,3233655,1151430,0,9480789
2022-01-11,2022,417533,3352,6537744,708,80,355568,7927682,3235682,1173993,0,9480789
2022-01-12,2022,424322,3367,6555627,748,82,359726,7954703,3237812,1196382,0,9480789
2022-01-13,2022,430332,3375,6570115,786,79,364224,7981543,3240077,1218195,0,9480789
2022-01-14,2022,436495,3380,6586755,822,81,368986,8007767,3242357,1239464,0,9480789
2022-01-15,2022,442788,3380,6603386,822,81,368986,8007767,3242357,1239464,0,9480789
2022-01-16,2022,448195,3380,6618731,822,81,368986,8007767,3242357,1239464,0,9480789
2022-01-17,2022,452381,3403,6629848,1007,94,376610,8071666,3248218,1290101,0,9480789
2022-01-18,2022,455660,3412,6637408,1089,104,382025,8071666,3248218,1290101,0,9480789
2022-01-19,2022,459497,3413,6649004,1101,108,388550,8109452,3246296,1319433,0,9480789
2022-01-20,2022,463024,3421,6660156,1131,108,395084,8105371,3240167,1333330,0,9480789
2022-01-21,2022,466616,3429,6670839,1191,107,401572,8124814,3248574,1348382,0,9480789
2022-01-22,2022,470685,3429,6681520,1191,107,401572,8124814,3248574,1348382,0,9480789
2022-01-23,2022,473318,3429,6689399,1191,107,401572,8124814,3248574,1348382,0,9480789
2022-01-24,2022,475119,3470,6694097,1304,108,415964,8124814,3242421,1348378,0,9480789
2022-01-25,2022,477841,3483,6700937,1377,111,423201,8201752,3262502,1396408,0,9480789
2022-01-26,2022,481182,3505,6710015,1418,109,429934,8220773,3267140,1408835,0,9480789
2022-01-27,2022,484400,3518,6719435,1469,106,436581,8238242,3271205,1420148,0,9480789
2022-01-28,2022,487436,3531,6728210,1496,105,442605,8255417,3275269,1431208,0,9480789
2022-01-29,2022,487436,3531,6728210,1496,105,442605,8255417,3275269,1431208,0,9480789
2022-01-30,2022,487436,3531,6728210,1496,105,442605,8255417,3275269,1431208,0,9480789
2022-01-31,2022,493973,3566,6747752,1516,99,452939,8301446,3282023,1458176,0,9480789
2022-02-01,2022,495953,3579,6752849,1585,109,457052,8314131,3285733,1465809,0,9480789
2022-02-02,2022,498977,3593,6760576,1598,106,460507,8325184,3295601,1472049,0,9480789
2022-02-03,2022,501347,3608,6767946,1584,112,463860,8335233,3292061,1477774,7674,9480789
2022-02-04,2022,503433,3634,6774272,1584,118,467088,8345443,3295207,1483339,8061,9480789
2022-02-05,2022,503433,3634,6774272,1584,118,467088,8345443,3295207,1483339,8061,9480789
2022-02-06,2022,503433,3634,6774272,1584,118,467088,8345443,3295207,1483339,8061,9480789
2022-02-07,2022,508051,3673,6789184,1542,118,474284,8376671,3312789,1499682,8877,9480789
2022-02-08,2022,509718,3686,6793485,1623,129,477767,8384070,3308279,1503982,9236,9480789
2022-02-09,2022,511402,3696,6799245,1615,135,480810,8391935,3310942,1508139,9519,9480789
2022-02-10,2022,512765,3718,6804276,1586,126,483708,8401303,3313657,1513475,9973,9480789
2022-02-11,2022,514165,3741,6809021,1566,127,486270,8409914,3322760,1518309,10352,9480789
2022-02-12,2022,514165,3741,6809021,1566,127,486270,8409914,3322760,1518309,10352,9480789
2022-02-13,2022,514165,3741,6809021,1566,127,486270,8409914,3322760,1518309,10352,9480789
2022-02-14,2022,516812,3776,6819285,1528,124,492171,8429072,3328481,1529466,11090,9480789
2022-02-15,2022,517650,3790,6821782,1538,123,494810,8438043,3325513,1533356,11418,9480789
2022-02-16,2022,518538,3804,6825883,1500,121,497060,8443567,3333975,1536337,11726,9480789
2022-02-17,2022,519351,3822,6829879,1491,116,498978,8449280,3336151,1539056,11988,9480789
2022-02-18,2022,519970,3830,6833546,1494,116,500756,8455738,3338611,1542068,12248,9480789
2022-02-19,2022,519970,3830,6833546,1494,116,500756,8455738,3338611,1542068,12248,9480789
2022-02-20,2022,519970,3830,6833546,1494,116,500756,8455738,3338611,1542068,12248,9480789
2022-02-21,2022,519970,3830,6833546,1494,116,500756,8455738,3338611,1542068,12248,9480789
2022-02-22,2022,519970,3830,6833546,1380,95,500756,8470872,3336814,1550355,12861,9480789
2022-02-23,2022,523104,3883,6846269,1373,90,508032,8478187,3346834,1553287,13149,9480789
2022-02-24,2022,523786,3885,6849672,1357,92,509275,8482498,3341626,1555358,13391,9480789
2022-02-25,2022,524381,3898,6852826,1295,88,510371,8486394,3349593,1557488,13618,9480789
2022-02-26,2022,524381,3898,6852826,1295,88,510371,8486394,3349593,1557488,13618,9480789
2022-02-27,2022,524381,3898,6852826,1295,88,510371,8486394,3349593,1557488,13618,9480789
2022-02-28,2022,525816,3912,6860227,1224,83,512716,8498261,3354286,1563055,14176,9480789
2022-03-01,2022,525816,3912,6860227,1225,80,512716,8501584,3348357,1564925,14420,9480789
2022-03-02,2022,526563,3939,6865135,1231,84,514460,8504638,3356142,1566457,14676,9480789
2022-03-03,2022,527102,3946,6867913,1204,80,515211,8506276,3350197,1566934,14755,9480789
2022-03-04,2022,527604,3954,6870439,1164,77,516004,8509282,3358164,1568339,14926,9480789
2022-03-05,2022,527604,3954,6870439,1164,77,516004,8509282,3358164,1568339,14926,9480789
2022-03-06,2022,527604,3954,6870439,1164,77,516004,8509282,3358164,1568339,14926,9480789
2022-03-07,2022,528717,3972,6876685,1103,77,517587,8518560,3361907,1572543,15415,9480789
2022-03-08,2022,529184,3979,6878885,1106,77,518056,8520945,3362684,1573719,15609,9480789
2022-03-09,2022,529736,3986,6881992,1087,78,518872,8523643,3363562,1574992,15795,9480789
2022-03-10,2022,530288,3992,6885055,1067,76,519607,8528703,3358378,1577337,16232,10856429
2022-03-11,2022,530761,4003,6887627,1045,74,520213,8528703,3358378,1577337,16232,10856429
2022-03-12,2022,530761,4003,6887627,1045,74,520213,8528703,3358378,1577337,16232,10856429
2022-03-13,2022,530761,4003,6887627,1045,74,520213,8528703,3358378,1577337,16232,10856429
2022-03-14,2022,532112,4021,6894470,986,73,521451,8536856,3361575,1581093,16715,10856429
2022-03-15,2022,532571,4025,6896315,1001,70,522124,8540832,3362367,1583742,16948,10856429
2022-03-16,2022,533164,4013,6899498,989,70,522702,8544273,3363095,1585880,17209,10856429
2022-03-17,2022,533783,4019,6902254,967,67,523212,8547576,3363849,1587895,17451,10856429
2022-03-18,2022,534285,4023,6905190,966,62,523679,8550867,3364574,1589971,17697,10856429
2022-03-19,2022,534285,4023,6905190,966,62,523679,8550867,3364574,1589971,17697,10856429
2022-03-20,2022,534285,4023,6905190,966,62,523679,8550867,3364574,1589971,17697,10856429
2022-03-21,2022,534285,4023,6905190,966,62,523679,8550867,3364574,1589971,17697,10856429
2022-03-22,2022,534285,4023,6905190,966,62,523679,8550867,3364574,1589971,17697,10856429
2022-03-23,2022,536166,4044,6913582,956,56,523679,8565479,3368383,1598895,18550,10856429
2022-03-24,2022,536166,4044,6913582,956,56,523679,8565479,3368383,1598895,18550,10856429
2022-03-25,2022,536166,4044,6913582,956,56,523679,8565479,3368383,1598895,18550,10856429
2022-03-26,2022,536166,4044,6913582,956,56,523679,8565479,3368383,1598895,18550,10856429
2022-03-27,2022,536166,4044,6913582,956,56,523679,8565479,3368383,1598895,18550,10856429
2022-03-28,2022,536166,4044,6913582,956,56,523679,8565479,3368383,1598895,18550,10856429
2022-03-29,2022,536166,4044,6913582,956,56,523679,8565479,3368383,1598895,18550,10856429
2022-03-30,2022,540733,4074,6913582,964,47,523679,8586230,3381375,1610588,19946,10856429
2022-03-31,2022,540733,4074,6913582,964,47,523679,8586230,3381375,1610588,19946,10856429
2022-04-01,2022,540733,4074,6913582,964,47,523679,8586230,3381375,1610588,19946,10856429
2022-04-02,2022,540733,4074,6913582,964,47,523679,8586230,3381375,1610588,19946,10856429
2022-04-03,2022,540733,4074,6913582,964,47,523679,8586230,3381375,1610588,19946,10856429
2022-04-04,2022,540733,4074,6913582,964,47,523679,8586230,3381375,1610588,19946,10856429
2022-04-05,2022,540733,4074,6913582,964,47,523679,8586230,3381375,1610588,19946,10856429
2022-04-06,2022,546247,4104,6913582,990,44,523679,8603560,3386264,1620011,21349,10856429
2022-04-07,2022,546247,4104,6913582,990,44,523679,8603560,3386264,1620011,21349,10856429
2022-04-08,2022,546247,4104,6913582,990,44,523679,8603560,3386264,1620011,21349,10856429
2022-04-09,2022,546247,4104,6913582,990,44,523679,8603560,3386264,1620011,21349,10856429
2022-04-10,2022,546247,4104,6913582,990,44,523679,8603560,3386264,1620011,21349,10856429
2022-04-11,2022,546247,4104,6913582,990,44,523679,8603560,3386264,1620011,21349,10856429
2022-04-12,2022,546247,4104,6913582,990,44,523679,8603560,3386264,1620011,21349,10856429
2022-04-13,2022,552403,4141,6913582,1053,48,523679,8621854,3389886,1629405,25166,10856429
2022-04-14,2022,552403,4141,6913582,1053,48,523679,8621854,3389886,1629405,25166,10856429
2022-04-15,2022,552403,4141,6913582,1053,48,523679,8621854,3389886,1629405,25166,10856429
2022-04-16,2022,552403,4141,6913582,1053,48,523679,8621854,3389886,1629405,25166,10856429
2022-04-17,2022,552403,4141,6913582,1053,48,523679,8621854,3389886,1629405,25166,10856429
2022-04-18,2022,552403,4141,6913582,1053,48,523679,8621854,3389886,1629405,25166,10856429
2022-04-19,2022,552403,4141,6913582,1053,48,523679,8621854,3389886,1629405,25166,10856429
2022-04-20,2022,558483,4190,6913582,1126,43,523679,8664335,3385976,1638454,53433,10856429
2022-04-21,2022,558483,4190,6913582,1126,43,523679,8664335,3385976,1638454,53433,10856429
2022-04-22,2022,558483,4190,6913582,1126,43,523679,8664335,3385976,1638454,53433,10856429
2022-04-23,2022,558483,4190,6913582,1126,43,523679,8664335,3385976,1638454,53433,10856429
2022-04-24,2022,558483,4190,6913582,1126,43,523679,8664335,3385976,1638454,53433,10856429
2022-04-25,2022,558483,4190,6913582,1126,43,523679,8664335,3385976,1638454,53433,10856429
2022-04-26,2022,558483,4190,6913582,1126,43,523679,8664335,3385976,1638454,53433,10856429
2022-04-27,2022,565052,4252,6913582,1220,47,523679,8698772,3389176,1646253,74947,10856429
2022-04-28,2022,565052,4252,6913582,1220,47,523679,8698772,3389176,1646253,74947,10856429
2022-04-29,2022,565052,4252,6913582,1220,47,523679,8698772,3389176,1646253,74947,10856429
2022-04-30,2022,565052,4252,6913582,1220,47,523679,8698772,3389176,1646253,74947,10856429
2022-05-01,2022,565052,4252,6913582,1220,47,523679,8698772,3389176,1646253,74947,10856429
2022-05-02,2022,565052,4252,6913582,1220,47,523679,8698772,3389176,1646253,74947,10856429
2022-05-03,2022,565052,4252,6913582,1220,47,523679,8698772,3389176,1646253,74947,10856429
2022-05-04,2022,570806,4321,6913582,1267,46,523679,8741621,3392584,1658116,100308,10856429
2022-05-05,2022,570806,4321,6913582,1267,46,523679,8741621,3392584,1658116,100308,10856429
2022-05-06,2022,570806,4321,6913582,1267,46,523679,8741621,3392584,1658116,100308,10856429
2022-05-07,2022,570806,4321,6913582,1267,46,523679,8741621,3392584,1658116,100308,10856429
2022-05-08,2022,570806,4321,6913582,1267,46,523679,8741621,3392584,1658116,100308,10856429
2022-05-09,2022,570806,4321,6913582,1267,46,523679,8741621,3392584,1658116,100308,10856429
2022-05-10,2022,570806,4321,6913582,1267,46,523679,8741621,3392584,1658116,100308,10856429
2022-05-11,2022,575185,4391,6913582,1225,37,523679,8772287,3394959,1664080,120729,10856429
2022-05-12,2022,575185,4391,6913582,1225,37,523679,8772287,3394959,1664080,120729,10856429
2022-05-13,2022,575185,4391,6913582,1225,37,523679,8772287,3394959,1664080,120729,10856429
2022-05-14,2022,575185,4391,6913582,1225,37,523679,8772287,3394959,1664080,120729,10856429
2022-05-15,2022,575185,4391,6913582,1225,37,523679,8772287,3394959,1664080,120729,10856429
2022-05-16,2022,575185,4391,6913582,1225,37,523679,8772287,3394959,1664080,120729,10856429
2022-05-17,2022,575185,4391,6913582,1225,37,523679,8772287,3394959,1664080,120729,10856429
2022-05-18,2022,578291,4452,6913582,1165,42,523679,8802520,3397198,1669417,141553,10856429
2022-05-19,2022,578291,4452,6913582,1165,42,523679,8802520,3397198,1669417,141553,10856429
2022-05-20,2022,578291,4452,6913582,1165,42,523679,8802520,3397198,1669417,141553,10856429
2022-05-21,2022,578291,4452,6913582,1165,42,523679,8802520,3397198,1669417,141553,10856429
2022-05-22,2022,578291,4452,6913582,1165,42,523679,8802520,3397198,1669417,141553,10856429
2022-05-23,2022,578291,4452,6913582,1165,42,523679,8802520,3397198,1669417,141553,10856429
2022-05-24,2022,578291,4452,6913582,1165,42,523679,8802520,3397198,1669417,141553,10856429
2022-05-25,2022,580881,4507,6913582,1040,31,523679,8825042,3407041,1673879,156040,10856429
2022-05-26,2022,580881,4507,6913582,1040,31,523679,8825042,3407041,1673879,156040,10856429
2022-05-27,2022,580881,4507,6913582,1040,31,523679,8825042,3407041,1673879,156040,10856429
2022-05-28,2022,580881,4507,6913582,1040,31,523679,8825042,3407041,1673879,156040,10856429
2022-05-29,2022,580881,4507,6913582,1040,31,523679,8825042,3407041,1673879,156040,10856429
2022-05-30,2022,580881,4507,6913582,1040,31,523679,8825042,3407041,1673879,156040,10856429
2022-05-31,2022,580881,4507,6913582,1040,31,523679,8825042,3407041,1673879,156040,10856429
2022-06-01,2022,583112,4558,6913582,931,29,523679,8847062,3409240,1678592,169590,10856429
2022-06-02,2022,583112,4558,6913582,931,29,523679,8847062,3409240,1678592,169590,10856429
2022-06-03,2022,583112,4558,6913582,931,29,523679,8847062,3409240,1678592,169590,10856429
2022-06-04,2022,583112,4558,6913582,931,29,523679,8847062,3409240,1678592,169590,10856429
2022-06-05,2022,583112,4558,6913582,931,29,523679,8847062,3409240,1678592,169590,10856429
2022-06-06,2022,583112,4558,6913582,931,29,523679,8847062,3409240,1678592,169590,10856429
2022-06-07,2022,583112,4558,6913582,931,29,523679,8847062,3409240,1678592,169590,10856429
2022-06-08,2022,584763,4567,6913582,816,24,523679,8863877,3403562,1682929,178521,10856429
2022-06-09,2022,584763,4567,6913582,816,24,523679,8863877,3403562,1682929,178521,10856429
2022-06-10,2022,584763,4567,6913582,816,24,523679,8863877,3403562,1682929,178521,10856429
2022-06-11,2022,584763,4567,6913582,816,24,523679,8863877,3403562,1682929,178521,10856429
2022-06-12,2022,584763,4567,6913582,816,24,523679,8863877,3403562,1682929,178521,10856429
2022-06-13,2022,584763,4567,6913582,816,24,523679,8863877,3403562,1682929,178521,10856429
2022-06-14,2022,584763,4567,6913582,816,24,523679,8863877,3403562,1682929,178521,10856429
2022-06-15,2022,586108,4591,6913582,719,19,523679,8878391,3405632,1686602,185911,10856429
2022-06-16,2022,586108,4591,6913582,719,19,523679,8878391,3405632,1686602,185911,10856429
2022-06-17,2022,586108,4591,6913582,719,19,523679,8878391,3405632,1686602,185911,10856429
2022-06-18,2022,586108,4591,6913582,719,19,523679,8878391,3405632,1686602,185911,10856429
2022-06-19,2022,586108,4591,6913582,719,19,523679,8878391,3405632,1686602,185911,10856429
2022-06-20,2022,586108,4591,6913582,719,19,523679,8878391,3405632,1686602,185911,10856429
2022-06-21,2022,586108,4591,6913582,719,19,523679,8878391,3405632,1686602,185911,10856429
2022-06-22,2022,587890,4604,6913582,661,17,523679,8888658,3406934,1689107,191502,10856429
2022-06-23,2022,587890,4604,6913582,661,17,523679,8888658,3406934,1689107,191502,10856429
2022-06-24,2022,587890,4604,6913582,661,17,523679,8888658,3406934,1689107,191502,10856429
2022-06-25,2022,587890,4604,6913582,661,17,523679,8888658,3406934,1689107,191502,10856429
2022-06-26,2022,587890,4604,6913582,661,17,523679,8888658,3406934,1689107,191502,10856429
2022-06-27,2022,587890,4604,6913582,661,17,523679,8888658,3406934,1689107,191502,10856429
2022-06-28,2022,587890,4604,6913582,661,17,523679,8888658,3406934,1689107,191502,10856429
2022-06-29,2022,588691,4621,6913582,589,13,523679,8888658,3406934,1689107,191502,10856429
2022-06-30,2022,588691,4621,6913582,589,13,523679,8888658,3406934,1689107,191502,10856429
2022-07-01,2022,588691,4621,6913582,589,13,523679,8888658,3406934,1689107,191502,10856429
2022-07-02,2022,588691,4621,6913582,589,13,523679,8888658,3406934,1689107,191502,10856429
2022-07-03,2022,588691,4621,6913582,589,13,523679,8888658,3406934,1689107,191502,10856429
2022-07-04,2022,588691,4621,6913582,589,13,523679,8888658,3406934,1689107,191502,10856429
2022-07-05,2022,588691,4621,6913582,589,13,523679,8888658,3406934,1689107,191502,10856429
2022-07-06,2022,589726,4636,6913582,568,21,523679,8909619,3409805,1694954,202098,10856429
2022-07-07,2022,589726,4636,6913582,568,21,523679,8909619,3409805,1694954,202098,10856429
2022-07-08,2022,589726,4636,6913582,568,21,523679,8909619,3409805,1694954,202098,10856429
2022-07-09,2022,589726,4636,6913582,568,21,523679,8909619,3409805,1694954,202098,10856429
2022-07-10,2022,589726,4636,6913582,568,21,523679,8909619,3409805,1694954,202098,10856429
2022-07-11,2022,589726,4636,6913582,568,21,523679,8909619,3409805,1694954,202098,10856429
2022-07-12,2022,589726,4636,6913582,568,21,523679,8909619,3409805,1694954,202098,10856429
2022-07-13,2022,591083,4632,6913582,552,16,523679,8924603,3411394,1698798,210600,10856429
2022-07-14,2022,591083,4632,6913582,552,16,523679,8924603,3411394,1698798,210600,10856429
2022-07-15,2022,591083,4632,6913582,552,16,523679,8924603,3411394,1698798,210600,10856429
2022-07-16,2022,591083,4632,6913582,552,16,523679,8924603,3411394,1698798,210600,10856429
2022-07-17,2022,591083,4632,6913582,552,16,523679,8924603,3411394,1698798,210600,10856429
2022-07-18,2022,591083,4632,6913582,552,16,523679,8924603,3411394,1698798,210600,10856429
2022-07-19,2022,591083,4632,6913582,552,16,523679,8924603,3411394,1698798,210600,10856429
2022-07-20,2022,592767,4652,6913582,559,23,523679,8942981,3412985,1703317,221712,10856429
2022-07-21,2022,592767,4652,6913582,559,23,523679,8942981,3412985,1703317,221712,10856429
2022-07-22,2022,592767,4652,6913582,559,23,523679,8942981,3412985,1703317,221712,10856429
2022-07-23,2022,592767,4652,6913582,559,23,523679,8942981,3412985,1703317,221712,10856429
2022-07-24,2022,592767,4652,6913582,559,23,523679,8942981,3412985,1703317,221712,10856429
2022-07-25,2022,592767,4652,6913582,559,23,523679,8942981,3412985,1703317,221712,10856429
2022-07-26,2022,592767,4652,6913582,559,23,523679,8942981,3412985,1703317,221712,10856429
2022-07-27,2022,594474,4665,6913582,649,26,523679,8978340,3414320,1706531,251327,10856429
2022-07-28,2022,594474,4665,6913582,649,26,523679,8978340,3414320,1706531,251327,10856429
2022-07-29,2022,594474,4665,6913582,649,26,523679,8978340,3414320,1706531,251327,10856429
2022-07-30,2022,594474,4665,6913582,649,26,523679,8978340,3414320,1706531,251327,10856429
2022-07-31,2022,594474,4665,6913582,649,26,523679,8978340,3414320,1706531,251327,10856429
2022-08-01,2022,594474,4665,6913582,649,26,523679,8978340,3414320,1706531,251327,10856429
2022-08-02,2022,594474,4665,6913582,649,26,523679,8978340,3414320,1706531,251327,10856429
2022-08-03,2022,596126,4673,6913582,702,28,523679,8999088,3415323,1708895,267664,10856429
2022-08-04,2022,596126,4673,6913582,702,28,523679,8999088,3415323,1708895,267664,10856429
2022-08-05,2022,596126,4673,6913582,702,28,523679,8999088,3415323,1708895,267664,10856429
2022-08-06,2022,596126,4673,6913582,702,28,523679,8999088,3415323,1708895,267664,10856429
2022-08-07,2022,596126,4673,6913582,702,28,523679,8999088,3415323,1708895,267664,10856429
2022-08-08,2022,596126,4673,6913582,702,28,523679,8999088,3415323,1708895,267664,10856429
2022-08-09,2022,596126,4673,6913582,702,28,523679,8999088,3415323,1708895,267664,10856429
2022-08-10,2022,597891,4694,6913582,748,28,523679,9039069,3416644,1712827,296695,12279099
2022-08-11,2022,597891,4694,6913582,748,28,523679,9039069,3416644,1712827,296695,12279099
2022-08-12,2022,597891,4694,6913582,748,28,523679,9039069,3416644,1712827,296695,12279099
2022-08-13,2022,597891,4694,6913582,748,28,523679,9039069,3416644,1712827,296695,12279099
2022-08-14,2022,597891,4694,6913582,748,28,523679,9039069,3416644,1712827,296695,12279099
2022-08-15,2022,597891,4694,6913582,748,28,523679,9039069,3416644,1712827,296695,12279099
2022-08-16,2022,597891,4694,6913582,748,28,523679,9039069,3416644,1712827,296695,12279099
2022-08-17,2022,599504,4721,6913582,818,28,523679,9141292,3419175,1722238,382545,12279099
2022-08-18,2022,599504,4721,6913582,818,28,523679,9141292,3419175,1722238,382545,12279099
2022-08-19,2022,599504,4721,6913582,818,28,523679,9141292,3419175,1722238,382545,12279099
2022-08-20,2022,599504,4721,6913582,818,28,523679,9141292,3419175,1722238,382545,12279099
2022-08-21,2022,599504,4721,6913582,818,28,523679,9141292,3419175,1722238,382545,12279099
2022-08-22,2022,599504,4721,6913582,818,28,523679,9141292,3419175,1722238,382545,12279099
2022-08-23,2022,599504,4721,6913582,818,28,523679,9141292,3419175,1722238,382545,12279099
2022-08-24,2022,601337,4748,6913582,870,32,523679,9168950,3420533,1725843,402110,12279099
2022-08-25,2022,601337,4748,6913582,870,32,523679,9168950,3420533,1725843,402110,12279099
2022-08-26,2022,601337,4748,6913582,870,32,523679,9168950,3420533,1725843,402110,12279099
2022-08-27,2022,601337,4748,6913582,870,32,523679,9168950,3420533,1725843,402110,12279099
2022-08-28,2022,601337,4748,6913582,870,32,523679,9168950,3420533,1725843,402110,12279099
2022-08-29,2022,601337,4748,6913582,870,32,523679,9168950,3420533,1725843,402110,12279099
2022-08-30,2022,601337,4748,6913582,870,32,523679,9168950,3420533,1725843,402110,12279099
2022-08-31,2022,602434,4790,6913582,857,20,523679,9194772,3422049,1729819,419424,12279099
2022-09-01,2022,602434,4790,6913582,857,20,523679,9194772,3422049,1729819,419424,12279099
2022-09-02,2022,602434,4790,6913582,857,20,523679,9194772,3422049,1729819,419424,12279099
2022-09-03,2022,602434,4790,6913582,857,20,523679,9194772,3422049,1729819,419424,12279099
2022-09-04,2022,602434,4790,6913582,857,20,523679,9194772,3422049,1729819,419424,12279099
2022-09-05,2022,602434,4790,6913582,857,20,523679,9194772,3422049,1729819,419424,12279099
2022-09-06,2022,602434,4790,6913582,857,20,523679,9194772,3422049,1729819,419424,12279099
2022-09-07,2022,603501,4832,6913582,799,20,523679,9217066,3423156,1736333,431759,12279099
2022-09-08,2022,603501,4832,6913582,799,20,523679,9217066,3423156,1736333,431759,12279099
2022-09-09,2022,603501,4832,6913582,799,20,523679,9217066,3423156,1736333,431759,12279099
2022-09-10,2022,603501,4832,6913582,799,20,523679,9217066,3423156,1736333,431759,12279099
2022-09-11,2022,603501,4832,6913582,799,20,523679,9217066,3423156,1736333,431759,12279099
2022-09-12,2022,603501,4832,6913582,799,20,523679,9217066,3423156,1736333,431759,12279099
2022-09-13,2022,603501,4832,6913582,799,20,523679,9217066,3423156,1736333,431759,12279099
2022-09-14,2022,604578,4848,6913582,819,26,523679,9235395,3424064,1740443,443129,12279099
2022-09-15,2022,604578,4848,6913582,819,26,523679,9235395,3424064,1740443,443129,12279099
2022-09-16,2022,604578,4848,6913582,819,26,523679,9235395,3424064,1740443,443129,12279099
2022-09-17,2022,604578,4848,6913582,819,26,523679,9235395,3424064,1740443,443129,12279099
2022-09-18,2022,604578,4848,6913582,819,26,523679,9235395,3424064,1740443,443129,12279099
2022-09-19,2022,604578,4848,6913582,819,26,523679,9235395,3424064,1740443,443129,12279099
2022-09-20,2022,604578,4848,6913582,819,26,523679,9235395,3424064,1740443,443129,12279099
2022-09-21,2022,605757,4872,6913582,843,26,523679,9246916,3424948,1743220,449427,12279099
2022-09-22,2022,605757,4872,6913582,843,26,523679,9246916,3424948,1743220,449427,12279099
2022-09-23,2022,605757,4872,6913582,843,26,523679,9246916,3424948,1743220,449427,12279099
2022-09-24,2022,605757,4872,6913582,843,26,523679,9246916,3424948,1743220,449427,12279099
2022-09-25,2022,605757,4872,6913582,843,26,523679,9246916,3424948,1743220,449427,12279099
2022-09-26,2022,605757,4872,6913582,843,26,523679,9246916,3424948,1743220,449427,12279099
2022-09-27,2022,605757,4872,6913582,843,26,523679,9246916,3424948,1743220,449427,12279099
2022-09-28,2022,607289,4905,6913582,980,39,523679,9285898,3425775,1746578,483065,12279099
2022-09-29,2022,607289,4905,6913582,980,39,523679,9285898,3425775,1746578,483065,12279099
2022-09-30,2022,607289,4905,6913582,980,39,523679,9285898,3425775,1746578,483065,12279099
2022-10-01,2022,607289,4905,6913582,980,39,523679,9285898,3425775,1746578,483065,12279099
2022-10-02,2022,607289,4905,6913582,980,39,523679,9285898,3425775,1746578,483065,12279099
2022-10-03,2022,607289,4905,6913582,980,39,523679,9285898,3425775,1746578,483065,12279099
2022-10-04,2022,607289,4905,6913582,980,39,523679,9285898,3425775,1746578,483065,12279099
2022-10-05,2022,607289,4905,6913582,980,39,523679,9285898,3425775,1746578,483065,12279099
2022-10-06,2022,607289,4905,6913582,980,39,523679,9285898,3425775,1746578,483065,12279099
2022-10-07,2022,607289,4905,6913582,980,39,523679,9285898,3425775,1746578,483065,12279099
2022-10-08,2022,607289,4905,6913582,980,39,523679,9285898,3425775,1746578,483065,12279099
2022-10-09,2022,607289,4905,6913582,980,39,523679,9285898,3425775,1746578,483065,12279099
2022-10-10,2022,607289,4905,6913582,980,39,523679,9285898,3425775,1746578,483065,12279099
2022-10-11,2022,607289,4905,6913582,980,39,523679,9285898,3425775,1746578,483065,12279099
2022-10-12,2022,610027,4951,6913582,1014,31,523679,9358108,3428936,1753271,543285,12279099
2022-10-13,2022,610027,4951,6913582,1014,31,523679,9358108,3428936,1753271,543285,12279099
2022-10-14,2022,610027,4951,6913582,1014,31,523679,9358108,3428936,1753271,543285,12279099
2022-10-15,2022,610027,4951,6913582,1014,31,523679,9358108,3428936,1753271,543285,12279099
2022-10-16,2022,610027,4951,6913582,1014,31,523679,9358108,3428936,1753271,543285,12279099
2022-10-17,2022,610027,4951,6913582,1014,31,523679,9358108,3428936,1753271,543285,12279099
2022-10-18,2022,610027,4951,6913582,1014,31,523679,9358108,3428936,1753271,543285,12279099
2022-10-19,2022,611389,4983,6913582,1070,33,523679,9396964,3430550,1756821,575989,12279099
2022-10-20,2022,611389,4983,6913582,1070,33,523679,9396964,3430550,1756821,575989,12279099
2022-10-21,2022,611389,4983,6913582,1070,33,523679,9396964,3430550,1756821,575989,12279099
2022-10-22,2022,611389,4983,6913582,1070,33,523679,9396964,3430550,1756821,575989,12279099
2022-10-23,2022,611389,4983,6913582,1070,33,523679,9396964,3430550,1756821,575989,12279099
2022-10-24,2022,611389,4983,6913582,1070,33,523679,9396964,3430550,1756821,575989,12279099
2022-10-25,2022,611389,4983,6913582,1070,33,523679,9396964,3430550,1756821,575989,12279099
2022-10-26,2022,612693,5011,6913582,1118,28,523679,9454899,3432396,1762393,625345,12279099
2022-10-27,2022,612693,5011,6913582,1118,28,523679,9454899,3432396,1762393,625345,12279099
2022-10-28,2022,612693,5011,6913582,1118,28,523679,9454899,3432396,1762393,625345,12279099
2022-10-29,2022,612693,5011,6913582,1118,28,523679,9454899,3432396,1762393,625345,12279099
2022-10-30,2022,612693,5011,6913582,1118,28,523679,9454899,3432396,1762393,625345,12279099
2022-10-31,2022,612693,5011,6913582,1118,28,523679,9454899,3432396,1762393,625345,12279099
2022-11-01,2022,612693,5011,6913582,1118,28,523679,9454899,3432396,1762393,625345,12279099
2022-11-02,2022,614234,5047,6913582,1095,24,523679,9547824,3433915,1769999,708094,12279099
2022-11-03,2022,614234,5047,6913582,1095,24,523679,9547824,3433915,1769999,708094,12279099
2022-11-04,2022,614234,5047,6913582,1095,24,523679,9547824,3433915,1769999,708094,12279099
2022-11-05,2022,614234,5047,6913582,1095,24,523679,9547824,3433915,1769999,708094,12279099
2022-11-06,2022,614234,5047,6913582,1095,24,523679,9547824,3433915,1769999,708094,12279099
2022-11-07,2022,614234,5047,6913582,1095,24,523679,9547824,3433915,1769999,708094,12279099
2022-11-08,2022,614234,5047,6913582,1095,24,523679,9547824,3433915,1769999,708094,12279099
2022-11-09,2022,615359,5093,6913582,1090,36,523679,9600748,3435276,1775413,753158,12279099
2022-11-10,2022,615359,5093,6913582,1090,36,523679,9600748,3435276,1775413,753158,12279099
2022-11-11,2022,615359,5093,6913582,1090,36,523679,9600748,3435276,1775413,753158,12279099
2022-11-12,2022,615359,5093,6913582,1090,36,523679,9600748,3435276,1775413,753158,12279099
2022-11-13,2022,615359,5093,6913582,1090,36,523679,9600748,3435276,1775413,753158,12279099
2022-11-14,2022,615359,5093,6913582,1090,36,523679,9600748,3435276,1775413,753158,12279099
2022-11-15,2022,615359,5093,6913582,1090,36,523679,9600748,3435276,1775413,753158,12279099
2022-11-16,2022,616682,5137,6913582,1141,40,523679,9652112,3436689,1781469,796013,12279099
2022-11-17,2022,616682,5137,6913582,1141,40,523679,9652112,3436689,1781469,796013,12279099
2022-11-23,2022,618030,5177,6913582,1107,40,523679,9697929,3438112,1787261,833359,12279099
2022-11-24,2022,618030,5177,6913582,1107,40,523679,9697929,3438112,1787261,833359,12279099
2022-11-30,2022,619345,5216,6913582,1077,46,523679,9734651,3439462,1792346,862470,12279099
2022-12-01,2022,619345,5216,6913582,1077,46,523679,9734651,3439462,1792346,862470,12279099
2022-12-07,2022,620475,5262,6913582,1042,38,523679,9762868,3440626,1796273,884525,12279099
2022-12-08,2022,620475,5262,6913582,1042,38,523679,9762868,3440626,1796273,884525,12279099
2022-12-21,2022,622428,5351,6913582,910,33,523679,9818705,3442774,1803054,929464,12279099
2022-12-22,2022,622428,5351,6913582,910,33,523679,9818705,3442774,1803054,929464,12279099
2022-12-28,2022,622428,5351,6913582,910,33,523679,9818705,3442774,1803054,929464,12279099
2022-12-29,2022,622428,5351,6913582,910,33,523679,9818705,3442774,1803054,929464,12279099
2023-01-04,2023,622428,5351,6913582,910,33,523679,9818705,3442774,1803054,929464,12279099
2023-01-05,2023,622428,5351,6913582,910,33,523679,9818705,3442774,1803054,929464,12279099
2023-01-11,2023,625120,5443,6913582,878,31,523679,9892050,3445203,1810790,990333,12279099
2023-01-12,2023,625120,5443,6913582,878,31,523679,9892050,3445203,1810790,990333,12279099
2023-01-18,2023,625948,5470,6913582,856,29,523679,9917329,3446178,1813359,1011191,12279099
2023-01-19,2023,625948,5470,6913582,856,29,523679,9917329,3446178,1813359,1011191,12279099
2023-01-25,2023,626594,5465,6913582,778,29,523679,9934751,3446994,1815245,1025223,12279099
2023-01-26,2023,626594,5465,6913582,778,29,523679,9934751,3446994,1815245,1025223,12279099
2023-02-01,2023,627184,5486,6913582,702,25,523679,9949142,3447853,1816947,1036389,12279099
2023-02-02,2023,627184,5486,6913582,702,25,523679,9949142,3447853,1816947,1036389,12279099
2023-02-08,2023,627727,5510,6913582,683,22,523679,9961151,3448625,1818256,1045808,12279099
2023-02-09,2023,627727,5510,6913582,683,22,523679,9961151,3448625,1818256,1045808,12279099
2023-02-15,2023,628150,5536,6913582,622,19,523679,9970975,3449372,1819365,1053278,12279099
2023-02-16,2023,628150,5536,6913582,622,19,523679,9970975,3449372,1819365,1053278,12279099
2023-02-22,2023,628572,5556,6913582,575,16,523679,9978329,3449851,1820177,1059014,12279099
2023-02-23,2023,628572,5556,6913582,575,16,523679,9978329,3449851,1820177,1059014,12279099
2023-03-01,2023,628947,5602,6913582,554,15,523679,9985299,3450467,1821050,1064110,12279099
2023-03-02,2023,628947,5602,6913582,554,15,523679,9985299,3450467,1821050,1064110,12279099
2023-03-08,2023,629269,5622,6913582,518,12,523679,9992842,3451044,1821937,1069812,12279099
2023-03-09,2023,629269,5622,6913582,518,12,523679,9992842,3451044,1821937,1069812,12279099
2023-03-15,2023,629648,5619,6913582,486,11,523679,9998877,3451552,1822692,1074294,12279099
2023-03-16,2023,629648,5619,6913582,486,11,523679,9998877,3451552,1822692,1074294,12279099
2023-03-22,2023,629648,5619,6913582,486,11,523679,9998877,3451552,1822692,1074294,12279099
2023-03-23,2023,629648,5619,6913582,486,11,523679,9998877,3451552,1822692,1074294,12279099
2023-03-29,2023,630444,5643,6913582,465,25,523679,10011661,3452427,1824274,1084094,12279099
2023-03-30,2023,630444,5643,6913582,465,25,523679,10011661,3452427,1824274,1084094,12279099
2023-04-05,2023,630824,5653,6913582,485,19,523679,10017856,3452878,1824913,1088897,12279099
2023-04-06,2023,630824,5653,6913582,485,19,523679,10017856,3452878,1824913,1088897,12279099
2023-04-12,2023,631164,5674,6913582,458,17,523679,10024026,3453122,1825433,1094151,12279099
2023-04-13,2023,631164,5674,6913582,458,17,523679,10024026,3453122,1825433,1094151,12279099
2023-04-19,2023,631466,5685,6913582,460,19,523679,10032077,3453434,1826018,1101098,12279099
2023-04-20,2023,631466,5685,6913582,460,19,523679,10032077,3453434,1826018,1101098,12279099
2023-04-26,2023,631858,5699,6913582,482,22,523679,10040839,3453715,1826516,1108869,12279099
2023-04-27,2023,631858,5699,6913582,482,22,523679,10040839,3453715,1826516,1108869,12279099
2023-05-03,2023,632177,5720,6913582,482,23,523679,10050276,3454052,1827060,1117198,12279099
2023-05-04,2023,632177,5720,6913582,482,23,523679,10050276,3454052,1827060,1117198,12279099
2023-05-10,2023,632177,5720,6913582,482,23,523679,10050276,3454052,1827060,1117198,12279099
2023-05-11,2023,632177,5720,6913582,482,23,523679,10050276,3454052,1827060,1117198,12279099
2023-05-17,2023,632775,5733,6913582,467,18,523679,10062690,3454502,1827803,1128052,12279099
2023-05-18,2023,632775,5733,6913582,467,18,523679,10062690,3454502,1827803,1128052,12279099
2023-05-24,2023,632775,5733,6913582,467,18,523679,10062690,3454502,1827803,1128052,12279099
2023-05-25,2023,632775,5733,6913582,467,18,523679,10062690,3454502,1827803,1128052,12279099
2023-05-31,2023,632775,5733,6913582,467,18,523679,10062690,3454502,1827803,1128052,12279099
2023-06-01,2023,632775,5733,6913582,467,18,523679,10062690,3454502,1827803,1128052,12279099
2023-06-07,2023,633367,5769,6913582,397,12,523679,10076326,3455054,1828677,1139851,12279099
2023-06-08,2023,633367,5769,6913582,397,12,523679,10076326,3455054,1828677,1139851,12279099
2023-06-14,2023,633632,5783,6913582,352,8,523679,10058997,3447846,1830012,1144289,12279099
2023-06-15,2023,633632,5783,6913582,352,8,523679,10058997,3447846,1830012,1144289,12279099
2023-06-21,2023,633723,5792,6913582,325,9,523679,10062971,3448042,1830278,1147633,12279099
2023-06-22,2023,633723,5792,6913582,325,9,523679,10062971,3448042,1830278,1147633,12279099
2023-06-28,2023,633802,5803,6913582,302,5,523679,10066316,3448246,1830536,1150346,12279099
2023-06-29,2023,633802,5803,6913582,302,5,523679,10066316,3448246,1830536,1150346,12279099
2023-07-05,2023,633802,5803,6913582,302,5,523679,10066316,3448246,1830536,1150346,12279099
2023-07-06,2023,633802,5803,6913582,302,5,523679,10066316,3448246,1830536,1150346,12279099
2023-07-12,2023,633802,5803,6913582,302,5,523679,10066316,3448246,1830536,1150346,12279099
2023-07-13,2023,633802,5803,6913582,302,5,523679,10066316,3448246,1830536,1150346,12279099
2023-07-19,2023,633802,5803,6913582,302,5,523679,10066316,3448246,1830536,1150346,12279099
2023-07-20,2023,633802,5803,6913582,302,5,523679,10066316,3448246,1830536,1150346,12279099
2023-07-26,2023,634149,5818,6913582,242,7,523679,10077398,3448932,1831404,1159237,12279099
2023-07-27,2023,634149,5818,6913582,242,7,523679,10077398,3448932,1831404,1159237,12279099
2023-08-02,2023,634149,5818,6913582,242,7,523679,10077398,3448932,1831404,1159237,12279099
2023-08-03,2023,634149,5818,6913582,242,7,523679,10077398,3448932,1831404,1159237,12279099
2023-08-09,2023,634149,5818,6913582,242,7,523679,10077398,3448932,1831404,1159237,12279099
2023-08-10,2023,634149,5818,6913582,242,7,523679,10077398,3448932,1831404,1159237,12279099
2023-08-16,2023,634149,5818,6913582,242,7,523679,10077398,3448932,1831404,1159237,12279099
2023-08-17,2023,634149,5818,6913582,242,7,523679,10077398,3448932,1831404,1159237,12279099
2023-08-23,2023,634149,5818,6913582,242,7,523679,10077398,3448932,1831404,1159237,12279099
2023-08-24,2023,634149,5818,6913582,242,7,523679,10077398,3448932,1831404,1159237,12279099
2023-08-30,2023,634149,5818,6913582,242,7,523679,10077398,3448932,1831404,1159237,12279099
2023-08-31,2023,634149,5818,6913582,242,7,523679,10077398,3448932,1831404,1159237,12279099
2023-09-06,2023,634149,5818,6913582,242,7,523679,10077398,3448932,1831404,1159237,12279099
2023-09-07,2023,634149,5818,6913582,242,7,523679,10077398,3448932,1831404,1159237,12279099
2023-09-13,2023,634149,5818,6913582,242,7,523679,10077398,3448932,1831404,1159237,12279099
2023-09-14,2023,634149,5818,6913582,242,7,523679,10077398,3448932,1831404,1159237,12279099
2023-09-20,2023,634149,5818,6913582,242,7,523679,10077398,3448932,1831404,1159237,12279099
2023-09-21,2023,634149,5818,6913582,242,7,523679,10077398,3448932,1831404,1159237,12279099
2023-09-27,2023,634149,5818,6913582,242,7,523679,10077398,3448932,1831404,1159237,12279099
2023-09-28,2023,634149,5818,6913582,242,7,523679,10077398,3448932,1831404,1159237,12279099
2023-10-04,2023,634149,5818,6913582,242,7,523679,10077398,3448932,1831404,1159237,12279099
2023-10-05,2023,634149,5818,6913582,242,7,523679,10077398,3448932,1831404,1159237,12279099
2023-10-11,2023,634149,5818,6913582,242,7,523679,10077398,3448932,1831404,1159237,12279099
2023-10-12,2023,634149,5818,6913582,242,7,523679,10077398,3448932,1831404,1159237,12279099
2023-10-18,2023,634149,5818,6913582,242,7,523679,10077398,3448932,1831404,1159237,12279099
2023-10-19,2023,634149,5818,6913582,242,7,523679,10077398,3448932,1831404,1159237,12279099
2023-10-25,2023,634149,5818,6913582,242,7,523679,10077398,3448932,1831404,1159237,12279099
2023-10-26,2023,634149,5818,6913582,242,7,523679,10077398,3448932,1831404,1159237,12279099
2023-11-01,2023,634149,5818,6913582,242,7,523679,10077398,3448932,1831404,1159237,12279099
2023-11-02,2023,634149,5818,6913582,242,7,523679,10077398,3448932,1831404,1159237,12279099
2023-11-08,2023,634149,5818,6913582,242,7,523679,10077398,3448932,1831404,1159237,12279099
2023-11-09,2023,634149,5818,6913582,242,7,523679,10077398,3448932,1831404,1159237,12279099
2023-11-15,2023,634149,5818,6913582,242,7,523679,10077398,3448932,1831404,1159237,12279099
2023-11-16,2023,634149,5818,6913582,242,7,523679,10077398,3448932,1831404,1159237,12279099
2023-11-17,2023,634149,5818,6913582,242,7,523679,10077398,3448932,1831404,1159237,12279099
2023-11-22,2023,634149,5818,6913582,242,7,523679,10077398,3448932,1831404,1159237,12279099
2023-11-23,2023,634149,5818,6913582,242,7,523679,10077398,3448932,1831404,1159237,12279099
2023-11-29,2023,634149,5818,6913582,242,7,523679,10077398,3448932,1831404,1159237,12279099
2023-11-30,2023,634149,5818,6913582,242,7,523679,10077398,3448932,1831404,1159237,12279099
2023-12-06,2023,634149,5818,6913582,242,7,523679,10077398,3448932,1831404,1159237,12279099
2023-12-07,2023,634149,5818,6913582,242,7,523679,10077398,3448932,1831404,1159237,12279099
