Location,site,city,province,country,EpiYear,EpiWeek,weekstart,measureid,w_avg,min,max,populationcoverage,pruid
Alberta,,,Alberta,Canada,2021,6,2021-02-07,covN2,21.59897432,20.29608884,77.11578349,0.445026375,48
Alberta,,,Alberta,Canada,2021,7,2021-02-14,covN2,17.55607733,10.71770871,68.18978943,0.445026375,48
Alberta,,,Alberta,Canada,2021,8,2021-02-21,covN2,7.835409181,7.835409181,104.9037052,0.445026375,48
Alberta,,,Alberta,Canada,2021,9,2021-02-28,covN2,15.7812438,7.418467153,150.9159585,0.445026375,48
Alberta,,,Alberta,Canada,2021,10,2021-03-07,covN2,13.28430025,5.520128101,77.62188257,0.445026375,48
Alberta,,,Alberta,Canada,2021,11,2021-03-14,covN2,19.05955342,6.198514676,27.70319234,0.445026375,48
Alberta,,,Alberta,Canada,2021,12,2021-03-21,covN2,32.02021176,6.972449766,32.02021176,0.445026375,48
Alberta,,,Alberta,Canada,2021,13,2021-03-28,covN2,39.48757021,13.16982595,74.35680967,0.445026375,48
Alberta,,,Alberta,Canada,2021,14,2021-04-04,covN2,61.00273761,7.834375407,113.2495703,0.445026375,48
Alberta,,,Alberta,Canada,2021,15,2021-04-11,covN2,82.50247396,8.202094366,251.5849327,0.445026375,48
Alberta,,,Alberta,Canada,2021,16,2021-04-18,covN2,82.21721081,11.38720731,103.5911788,0.445026375,48
Alberta,,,Alberta,Canada,2021,17,2021-04-25,covN2,121.724686,10.43557189,246.5071013,0.445026375,48
Alberta,,,Alberta,Canada,2021,18,2021-05-02,covN2,68.58298829,34.05709244,113.6838825,0.445026375,48
Alberta,,,Alberta,Canada,2021,19,2021-05-09,covN2,56.95490715,12.45661668,158.1319322,0.445026375,48
Alberta,,,Alberta,Canada,2021,20,2021-05-16,covN2,30.25333102,12.83829042,125.3248008,0.445026375,48
Alberta,,,Alberta,Canada,2021,21,2021-05-23,covN2,17.40419687,14.53799293,207.0217171,0.445026375,48
Alberta,,,Alberta,Canada,2021,22,2021-05-30,covN2,15.24216311,13.35649226,121.0159349,0.445026375,48
Alberta,,,Alberta,Canada,2021,23,2021-06-06,covN2,7.157330913,7.157330913,79.38900078,0.445026375,48
Alberta,,,Alberta,Canada,2021,24,2021-06-13,covN2,5.427251131,4.210122787,52.7721859,0.445026375,48
Alberta,,,Alberta,Canada,2021,25,2021-06-20,covN2,4.076796646,1.990727873,36.13307824,0.445026375,48
Alberta,,,Alberta,Canada,2021,26,2021-06-27,covN2,3.548070909,3.548070909,70.30752673,0.445026375,48
Alberta,,,Alberta,Canada,2021,27,2021-07-04,covN2,2.10609053,2.10609053,50.56701915,0.445026375,48
Alberta,,,Alberta,Canada,2021,28,2021-07-11,covN2,2.190159431,2.190159431,100.8093625,0.445026375,48
Alberta,,,Alberta,Canada,2021,29,2021-07-18,covN2,4.10951674,4.10951674,63.87213346,0.445026375,48
Alberta,,,Alberta,Canada,2021,30,2021-07-25,covN2,11.68364995,11.68364995,51.98376868,0.445026375,48
Alberta,,,Alberta,Canada,2021,31,2021-08-01,covN2,23.1427737,3.572314497,59.90100113,0.445026375,48
Alberta,,,Alberta,Canada,2021,32,2021-08-08,covN2,43.79684049,17.7390031,72.27552735,0.445026375,48
Alberta,,,Alberta,Canada,2021,33,2021-08-15,covN2,84.63806473,21.17671461,84.63806473,0.445026375,48
Alberta,,,Alberta,Canada,2021,34,2021-08-22,covN2,67.70109423,5.792429883,72.29524544,0.445026375,48
Alberta,,,Alberta,Canada,2021,35,2021-08-29,covN2,157.6630067,19.86538118,157.6630067,0.445026375,48
Alberta,,,Alberta,Canada,2021,36,2021-09-05,covN2,167.9600148,14.32832644,167.9600148,0.445026375,48
Alberta,,,Alberta,Canada,2021,37,2021-09-12,covN2,126.4366567,17.23733081,126.4366567,0.445026375,48
Alberta,,,Alberta,Canada,2021,38,2021-09-19,covN2,123.2858274,23.81495755,123.2858274,0.445026375,48
Alberta,,,Alberta,Canada,2021,39,2021-09-26,covN2,108.6535074,23.63007224,108.6535074,0.445026375,48
Alberta,,,Alberta,Canada,2021,40,2021-10-03,covN2,50.66145508,29.51872108,114.6106092,0.445026375,48
Alberta,,,Alberta,Canada,2021,41,2021-10-10,covN2,44.73844488,44.35885591,98.42973687,0.445026375,48
Alberta,,,Alberta,Canada,2021,42,2021-10-17,covN2,76.51823852,36.32775453,98.378704,0.445026375,48
Alberta,,,Alberta,Canada,2021,43,2021-10-24,covN2,38.51641285,38.51641285,124.5420073,0.445026375,48
Alberta,,,Alberta,Canada,2021,44,2021-10-31,covN2,43.20157837,43.20157837,128.6353585,0.445026375,48
Alberta,,,Alberta,Canada,2021,45,2021-11-07,covN2,26.54941409,26.54941409,162.711141,0.445026375,48
Alberta,,,Alberta,Canada,2021,46,2021-11-14,covN2,34.57827991,34.57827991,102.3756029,0.445026375,48
Alberta,,,Alberta,Canada,2021,47,2021-11-21,covN2,29.00751013,29.00751013,92.15967966,0.445026375,48
Alberta,,,Alberta,Canada,2021,48,2021-11-28,covN2,25.9217784,25.9217784,77.9226092,0.445026375,48
Alberta,,,Alberta,Canada,2021,49,2021-12-05,covN2,18.03711786,18.03711786,71.88177707,0.445026375,48
Alberta,,,Alberta,Canada,2021,50,2021-12-12,covN2,19.71358523,19.71358523,92.53217171,0.445026375,48
Alberta,,,Alberta,Canada,2021,51,2021-12-19,covN2,48.34952739,48.34952739,80.40034232,0.445026375,48
Alberta,,,Alberta,Canada,2021,52,2021-12-26,covN2,138.0957026,57.88784515,138.0957026,0.445026375,48
Alberta,,,Alberta,Canada,2022,1,2022-01-02,covN2,139.1958976,42.44713744,153.6846982,0.445026375,48
Alberta,,,Alberta,Canada,2022,2,2022-01-09,covN2,153.8242588,46.41089486,153.8242588,0.445026375,48
Alberta,,,Alberta,Canada,2022,3,2022-01-16,covN2,251.868738,27.20442165,251.868738,0.445026375,48
Alberta,,,Alberta,Canada,2022,4,2022-01-23,covN2,200.3289147,20.5606854,200.3289147,0.445026375,48
Alberta,,,Alberta,Canada,2022,5,2022-01-30,covN2,70.28549212,25.13228767,70.28549212,0.445026375,48
Alberta,,,Alberta,Canada,2022,6,2022-02-06,covN2,70.99969501,20.29608884,77.11578349,0.445026375,48
Alberta,,,Alberta,Canada,2022,7,2022-02-13,covN2,35.13853068,10.71770871,68.18978943,0.445026375,48
Alberta,,,Alberta,Canada,2022,8,2022-02-20,covN2,35.64359645,7.835409181,104.9037052,0.445026375,48
Alberta,,,Alberta,Canada,2022,9,2022-02-27,covN2,24.12702394,7.418467153,150.9159585,0.445026375,48
Alberta,,,Alberta,Canada,2022,10,2022-03-06,covN2,25.86512409,5.520128101,77.62188257,0.445026375,48
Alberta,,,Alberta,Canada,2022,11,2022-03-13,covN2,12.90496011,6.198514676,27.70319234,0.445026375,48
Alberta,,,Alberta,Canada,2022,12,2022-03-20,covN2,27.89033968,6.972449766,32.02021176,0.445026375,48
Alberta,,,Alberta,Canada,2022,13,2022-03-27,covN2,74.35680967,13.16982595,74.35680967,0.445026375,48
Alberta,,,Alberta,Canada,2022,14,2022-04-03,covN2,113.2495703,7.834375407,113.2495703,0.445026375,48
Alberta,,,Alberta,Canada,2022,15,2022-04-10,covN2,251.5849327,8.202094366,251.5849327,0.445026375,48
Alberta,,,Alberta,Canada,2022,16,2022-04-17,covN2,103.5911788,11.38720731,103.5911788,0.445026375,48
Alberta,,,Alberta,Canada,2022,17,2022-04-24,covN2,246.5071013,10.43557189,246.5071013,0.445026375,48
Alberta,,,Alberta,Canada,2022,18,2022-05-01,covN2,81.10775921,34.05709244,113.6838825,0.445026375,48
Alberta,,,Alberta,Canada,2022,19,2022-05-08,covN2,127.4451968,12.45661668,158.1319322,0.445026375,48
Alberta,,,Alberta,Canada,2022,20,2022-05-15,covN2,125.3248008,12.83829042,125.3248008,0.445026375,48
Alberta,,,Alberta,Canada,2022,21,2022-05-22,covN2,207.0217171,14.53799293,207.0217171,0.445026375,48
Alberta,,,Alberta,Canada,2022,22,2022-05-29,covN2,121.0159349,13.35649226,121.0159349,0.445026375,48
Alberta,,,Alberta,Canada,2022,23,2022-06-05,covN2,79.38900078,7.157330913,79.38900078,0.445026375,48
Alberta,,,Alberta,Canada,2022,24,2022-06-12,covN2,21.37730134,4.210122787,52.7721859,0.445026375,48
Alberta,,,Alberta,Canada,2022,25,2022-06-19,covN2,15.01636839,1.990727873,36.13307824,0.445026375,48
Alberta,,,Alberta,Canada,2022,26,2022-06-26,covN2,39.91519931,3.548070909,70.30752673,0.445026375,48
Alberta,,,Alberta,Canada,2022,27,2022-07-03,covN2,50.56701915,2.10609053,50.56701915,0.445026375,48
Alberta,,,Alberta,Canada,2022,28,2022-07-10,covN2,100.8093625,2.190159431,100.8093625,0.445026375,48
Alberta,,,Alberta,Canada,2022,29,2022-07-17,covN2,63.87213346,4.10951674,63.87213346,0.445026375,48
Alberta,,,Alberta,Canada,2022,30,2022-07-24,covN2,43.60615627,11.68364995,51.98376868,0.445026375,48
Alberta,,,Alberta,Canada,2022,31,2022-07-31,covN2,3.572314497,3.572314497,59.90100113,0.445026375,48
Alberta,,,Alberta,Canada,2022,32,2022-08-07,covN2,24.00013826,17.7390031,72.27552735,0.445026375,48
Alberta,,,Alberta,Canada,2022,33,2022-08-14,covN2,38.06118394,21.17671461,84.63806473,0.445026375,48
Alberta,,,Alberta,Canada,2022,34,2022-08-21,covN2,72.29524544,5.792429883,72.29524544,0.445026375,48
Alberta,,,Alberta,Canada,2022,35,2022-08-28,covN2,47.81174723,19.86538118,157.6630067,0.445026375,48
Alberta,,,Alberta,Canada,2022,36,2022-09-04,covN2,44.98210959,14.32832644,167.9600148,0.445026375,48
Alberta,,,Alberta,Canada,2022,37,2022-09-11,covN2,45.95226778,17.23733081,126.4366567,0.445026375,48
Alberta,,,Alberta,Canada,2022,38,2022-09-18,covN2,26.94901854,23.81495755,123.2858274,0.445026375,48
Alberta,,,Alberta,Canada,2022,40,2022-10-02,covN2,114.6106092,29.51872108,114.6106092,0.445026375,48
Alberta,,,Alberta,Canada,2022,41,2022-10-09,covN2,44.35885591,44.35885591,98.42973687,0.445026375,48
Alberta,,,Alberta,Canada,2022,42,2022-10-16,covN2,98.378704,36.32775453,98.378704,0.445026375,48
Alberta,,,Alberta,Canada,2022,43,2022-10-23,covN2,58.81632821,38.51641285,124.5420073,0.445026375,48
Alberta,,,Alberta,Canada,2022,44,2022-10-30,covN2,49.43862309,43.20157837,128.6353585,0.445026375,48
Alberta,,,Alberta,Canada,2022,45,2022-11-06,covN2,162.711141,26.54941409,162.711141,0.445026375,48
Alberta,,,Alberta,Canada,2022,46,2022-11-13,covN2,72.33041518,34.57827991,102.3756029,0.445026375,48
Alberta,,,Alberta,Canada,2022,47,2022-11-20,covN2,39.62281989,29.00751013,92.15967966,0.445026375,48
Alberta,,,Alberta,Canada,2022,48,2022-11-27,covN2,77.9226092,25.9217784,77.9226092,0.445026375,48
Alberta,,,Alberta,Canada,2022,49,2022-12-04,covN2,71.88177707,18.03711786,71.88177707,0.445026375,48
Alberta,,,Alberta,Canada,2022,50,2022-12-11,covN2,92.53217171,19.71358523,92.53217171,0.445026375,48
Alberta,,,Alberta,Canada,2022,51,2022-12-18,covN2,63.56917944,48.34952739,80.40034232,0.445026375,48
Alberta,,,Alberta,Canada,2022,52,2022-12-25,covN2,59.22883619,57.88784515,138.0957026,0.445026375,48
Alberta,,,Alberta,Canada,2023,1,2023-01-01,covN2,109.1634599,42.44713744,153.6846982,0.445026375,48
Alberta,,,Alberta,Canada,2023,2,2023-01-08,covN2,46.41089486,46.41089486,153.8242588,0.445026375,48
Alberta,,,Alberta,Canada,2023,3,2023-01-15,covN2,32.64627794,27.20442165,251.868738,0.445026375,48
Alberta,,,Alberta,Canada,2023,4,2023-01-22,covN2,23.92075975,20.5606854,200.3289147,0.445026375,48
Alberta,,,Alberta,Canada,2023,5,2023-01-29,covN2,37.55007424,25.13228767,70.28549212,0.445026375,48
Alberta,,,Alberta,Canada,2023,6,2023-02-05,covN2,77.11578349,20.29608884,77.11578349,0.445026375,48
Alberta,,,Alberta,Canada,2023,7,2023-02-12,covN2,68.18978943,10.71770871,68.18978943,0.445026375,48
Alberta,,,Alberta,Canada,2023,8,2023-02-19,covN2,39.21036985,7.835409181,104.9037052,0.445026375,48
Alberta,,,Alberta,Canada,2023,9,2023-02-26,covN2,150.9159585,7.418467153,150.9159585,0.445026375,48
Alberta,,,Alberta,Canada,2023,10,2023-03-05,covN2,77.62188257,5.520128101,77.62188257,0.445026375,48
Alberta,,,Alberta,Canada,2023,11,2023-03-12,covN2,27.70319234,6.198514676,27.70319234,0.445026375,48
Alberta,,,Alberta,Canada,2023,12,2023-03-19,covN2,15.25856188,6.972449766,32.02021176,0.445026375,48
Alberta,,,Alberta,Canada,2023,13,2023-03-26,covN2,40.56297079,13.16982595,74.35680967,0.445026375,48
Alberta,,,Alberta,Canada,2023,14,2023-04-02,covN2,37.67011198,7.834375407,113.2495703,0.445026375,48
Alberta,,,Alberta,Canada,2023,15,2023-04-09,covN2,37.32697277,8.202094366,251.5849327,0.445026375,48
Alberta,,,Alberta,Canada,2023,16,2023-04-16,covN2,53.81967983,11.38720731,103.5911788,0.445026375,48
Alberta,,,Alberta,Canada,2023,17,2023-04-23,covN2,61.79068192,10.43557189,246.5071013,0.445026375,48
Alberta,,,Alberta,Canada,2023,18,2023-04-30,covN2,113.6838825,34.05709244,113.6838825,0.445026375,48
Alberta,,,Alberta,Canada,2023,19,2023-05-07,covN2,158.1319322,12.45661668,158.1319322,0.445026375,48
Alberta,,,Alberta,Canada,2023,20,2023-05-14,covN2,42.11448681,12.83829042,125.3248008,0.445026375,48
Alberta,,,Alberta,Canada,2023,21,2023-05-21,covN2,14.53799293,14.53799293,207.0217171,0.445026375,48
Alberta,,,Alberta,Canada,2023,22,2023-05-28,covN2,16.59771846,13.35649226,121.0159349,0.445026375,48
Alberta,,,Alberta,Canada,2023,23,2023-06-04,covN2,12.08992902,7.157330913,79.38900078,0.445026375,48
Alberta,,,Alberta,Canada,2023,24,2023-06-11,covN2,4.210122787,4.210122787,52.7721859,0.445026375,48
Alberta,,,Alberta,Canada,2023,25,2023-06-18,covN2,1.990727873,1.990727873,36.13307824,0.445026375,48
Alberta,,,Alberta,Canada,2023,26,2023-06-25,covN2,4.158966107,3.548070909,70.30752673,0.445026375,48
Alberta,,,Alberta,Canada,2023,27,2023-07-02,covN2,5.305322889,2.10609053,50.56701915,0.445026375,48
Alberta,,,Alberta,Canada,2023,28,2023-07-09,covN2,4.639546759,2.190159431,100.8093625,0.445026375,48
Alberta,,,Alberta,Canada,2023,29,2023-07-16,covN2,5.582189262,4.10951674,63.87213346,0.445026375,48
Alberta,,,Alberta,Canada,2023,30,2023-07-23,covN2,18.93902727,11.68364995,51.98376868,0.445026375,48
Alberta,,,Alberta,Canada,2023,31,2023-07-30,covN2,23.35639957,3.572314497,59.90100113,0.445026375,48
Alberta,,,Alberta,Canada,2023,32,2023-08-06,covN2,23.71065713,17.7390031,72.27552735,0.445026375,48
Alberta,,,Alberta,Canada,2023,33,2023-08-13,covN2,21.17671461,21.17671461,84.63806473,0.445026375,48
Alberta,,,Alberta,Canada,2023,34,2023-08-20,covN2,5.792429883,5.792429883,72.29524544,0.445026375,48
Alberta,,,Alberta,Canada,2023,35,2023-08-27,covN2,19.86538118,19.86538118,157.6630067,0.445026375,48
Alberta,,,Alberta,Canada,2023,36,2023-09-03,covN2,17.30475841,14.32832644,167.9600148,0.445026375,48
Alberta,,,Alberta,Canada,2023,37,2023-09-10,covN2,17.23733081,17.23733081,126.4366567,0.445026375,48
Alberta,,,Alberta,Canada,2023,38,2023-09-17,covN2,24.8265512,23.81495755,123.2858274,0.445026375,48
Alberta,,,Alberta,Canada,2023,39,2023-09-24,covN2,27.41071415,23.63007224,108.6535074,0.445026375,48
Alberta,,,Alberta,Canada,2023,40,2023-10-01,covN2,29.51872108,29.51872108,114.6106092,0.445026375,48
Alberta,,,Alberta,Canada,2023,41,2023-10-08,covN2,98.42973687,44.35885591,98.42973687,0.445026375,48
Alberta,,,Alberta,Canada,2023,42,2023-10-15,covN2,69.44578967,36.32775453,98.378704,0.445026375,48
Alberta,,,Alberta,Canada,2023,43,2023-10-22,covN2,124.5420073,38.51641285,124.5420073,0.445026375,48
Alberta,,,Alberta,Canada,2023,44,2023-10-29,covN2,128.6353585,43.20157837,128.6353585,0.445026375,48
Alberta,,,Alberta,Canada,2023,45,2023-11-05,covN2,33.07489881,26.54941409,162.711141,0.445026375,48
Alberta,,,Alberta,Canada,2023,46,2023-11-12,covN2,101.4775692,34.57827991,102.3756029,0.445026375,48
Alberta,,,Alberta,Canada,2023,47,2023-11-19,covN2,92.15967966,29.00751013,92.15967966,0.445026375,48
Alberta,,,Alberta,Canada,2023,48,2023-11-26,covN2,60.67043728,25.9217784,77.9226092,0.445026375,48
Alberta,,,Alberta,Canada,2023,49,2023-12-03,covN2,63.60532232,18.03711786,71.88177707,0.445026375,48
Alberta,,,Alberta,Canada,2023,50,2023-12-10,covN2,74.61745305,19.71358523,92.53217171,0.445026375,48
Alberta,,,Alberta,Canada,2023,51,2023-12-17,covN2,80.40034232,48.34952739,80.40034232,0.445026375,48
Alberta,,,Alberta,Canada,2023,52,2023-12-24,covN2,89.25903809,57.88784515,138.0957026,0.445026375,48
Alberta,,,Alberta,Canada,2024,1,2023-12-31,covN2,153.6846982,42.44713744,153.6846982,0.445026375,48
Alberta,,,Alberta,Canada,2024,2,2024-01-07,covN2,138.136566,46.41089486,153.8242588,0.445026375,48
Alberta,,,Alberta,Canada,2024,3,2024-01-14,covN2,126.6472221,27.20442165,251.868738,0.445026375,48
Alberta,,,Alberta,Canada,2024,4,2024-01-21,covN2,61.38086577,20.5606854,200.3289147,0.445026375,48
Alberta,,,Alberta,Canada,2024,5,2024-01-28,covN2,43.608937,25.13228767,70.28549212,0.445026375,48
Alberta,,,Alberta,Canada,2024,6,2024-02-04,covN2,39.10784008,20.29608884,77.11578349,0.445026375,48
Alberta,,,Alberta,Canada,2024,7,2024-02-11,covN2,41.68430912,10.71770871,68.18978943,0.445026375,48
Alberta,,,Alberta,Canada,2024,8,2024-02-18,covN2,104.9037052,7.835409181,104.9037052,0.445026375,48
Alberta,,,Alberta,Canada,2024,9,2024-02-25,covN2,55.31382406,7.418467153,150.9159585,0.445026375,48
Alberta,,,Alberta,Canada,2024,10,2024-03-03,covN2,35.28348961,5.520128101,77.62188257,0.445026375,48
Alberta,,,Alberta,Canada,2024,11,2024-03-10,covN2,10.2233858,6.198514676,27.70319234,0.445026375,48
Alberta,,,Alberta,Canada,2024,12,2024-03-17,covN2,17.9883683,6.972449766,32.02021176,0.445026375,48
Alberta,,,Alberta,Canada,2024,13,2024-03-24,covN2,20.43303136,13.16982595,74.35680967,0.445026375,48
Alberta,,,Alberta,Canada,2024,14,2024-03-31,covN2,12.55267956,7.834375407,113.2495703,0.445026375,48
Alberta,,,Alberta,Canada,2024,15,2024-04-07,covN2,57.79420749,8.202094366,251.5849327,0.445026375,48
Alberta,,,Alberta,Canada,2024,16,2024-04-14,covN2,29.26563492,11.38720731,103.5911788,0.445026375,48
Alberta,,,Alberta,Canada,2024,17,2024-04-21,covN2,53.5669029,10.43557189,246.5071013,0.445026375,48
Alberta,,,Alberta,Canada,2024,18,2024-04-28,covN2,34.05709244,34.05709244,113.6838825,0.445026375,48
Alberta,,,Alberta,Canada,2024,19,2024-05-05,covN2,12.45661668,12.45661668,158.1319322,0.445026375,48
Alberta,,,Alberta,Canada,2024,20,2024-05-12,covN2,40.70693196,12.83829042,125.3248008,0.445026375,48
Alberta,,,Alberta,Canada,2024,21,2024-05-19,covN2,19.21087122,14.53799293,207.0217171,0.445026375,48
Alberta,,,Alberta,Canada,2024,22,2024-05-26,covN2,36.60208152,13.35649226,121.0159349,0.445026375,48
Alberta,,,Alberta,Canada,2024,23,2024-06-02,covN2,68.87860475,7.157330913,79.38900078,0.445026375,48
Alberta,,,Alberta,Canada,2024,24,2024-06-09,covN2,52.7721859,4.210122787,52.7721859,0.445026375,48
Alberta,,,Alberta,Canada,2024,25,2024-06-16,covN2,36.13307824,1.990727873,36.13307824,0.445026375,48
Alberta,,,Alberta,Canada,2024,26,2024-06-23,covN2,44.6905625,3.548070909,70.30752673,0.445026375,48
Alberta,,,Alberta,Canada,2024,27,2024-06-30,covN2,48.47037813,2.10609053,50.56701915,0.445026375,48
Alberta,,,Alberta,Canada,2024,28,2024-07-07,covN2,86.53198144,2.190159431,100.8093625,0.445026375,48
Alberta,,,Alberta,Canada,2024,29,2024-07-14,covN2,57.02027279,4.10951674,63.87213346,0.445026375,48
Alberta,,,Alberta,Canada,2024,30,2024-07-21,covN2,51.98376868,11.68364995,51.98376868,0.445026375,48
Alberta,,,Alberta,Canada,2024,31,2024-07-28,covN2,59.90100113,3.572314497,59.90100113,0.445026375,48
Alberta,,,Alberta,Canada,2024,32,2024-08-04,covN2,72.27552735,17.7390031,72.27552735,0.445026375,48
Alberta,,,Alberta,Canada,2024,33,2024-08-11,covN2,62.82215602,21.17671461,84.63806473,0.445026375,48
Alberta,,,Alberta,Canada,2024,34,2024-08-18,covN2,45.79187438,5.792429883,72.29524544,0.445026375,48
Alberta,,,Alberta,Canada,2024,35,2024-08-25,covN2,47.00538165,19.86538118,157.6630067,0.445026375,48
Alberta,,,Alberta,Canada,2024,36,2024-09-01,covN2,45.48170685,14.32832644,167.9600148,0.445026375,48
Alberta,,,Alberta,Canada,2024,37,2024-09-08,covN2,52.58281785,17.23733081,126.4366567,0.445026375,48
Alberta,,,Alberta,Canada,2024,38,2024-09-15,covN2,23.81495755,23.81495755,123.2858274,0.445026375,48
Alberta,,,Alberta,Canada,2024,39,2024-09-22,covN2,23.63007224,23.63007224,108.6535074,0.445026375,48
Alberta,,,Alberta,Canada,2024,40,2024-09-29,covN2,42.456926,29.51872108,114.6106092,0.445026375,48
Alberta,,,Alberta,Canada,2024,41,2024-10-06,covN2,61.81091298,44.35885591,98.42973687,0.445026375,48
Alberta,,,Alberta,Canada,2024,42,2024-10-13,covN2,36.32775453,36.32775453,98.378704,0.445026375,48
Alberta,,,Alberta,Canada,2024,43,2024-10-20,covN2,44.17033154,38.51641285,124.5420073,0.445026375,48
Alberta,,,Alberta,Canada,2024,44,2024-10-27,covN2,57.52487888,43.20157837,128.6353585,0.445026375,48
Alberta,,,Alberta,Canada,2024,45,2024-11-03,covN2,73.59592333,26.54941409,162.711141,0.445026375,48
Alberta,,,Alberta,Canada,2024,46,2024-11-10,covN2,102.3756029,34.57827991,102.3756029,0.445026375,48
Alberta,,,Alberta,Canada,2024,47,2024-11-17,covN2,86.15562271,29.00751013,92.15967966,0.445026375,48
Alberta,,,Alberta,Canada,2024,48,2024-11-24,covN2,61.6716291,25.9217784,77.9226092,0.445026375,48
Alberta,,,Alberta,Canada,2024,49,2024-12-01,covN2,56.79009029,18.03711786,71.88177707,0.445026375,48
Alberta,,,Alberta,Canada,2024,50,2024-12-08,covN2,46.50758837,19.71358523,92.53217171,0.445026375,48
Alberta,,,Alberta,Canada,2024,51,2024-12-15,covN2,76.13893752,48.34952739,80.40034232,0.445026375,48
Alberta,,,Alberta,Canada,2024,52,2024-12-22,covN2,57.88784515,57.88784515,138.0957026,0.445026375,48
Alberta,,,Alberta,Canada,2025,1,2024-12-29,covN2,42.44713744,42.44713744,153.6846982,0.445026375,48
Alberta,,,Alberta,Canada,2025,2,2025-01-05,covN2,57.64084486,46.41089486,153.8242588,0.445026375,48
Alberta,,,Alberta,Canada,2025,3,2025-01-12,covN2,27.20442165,27.20442165,251.868738,0.445026375,48
Alberta,,,Alberta,Canada,2025,4,2025-01-19,covN2,20.5606854,20.5606854,200.3289147,0.445026375,48
Alberta,,,Alberta,Canada,2025,5,2025-01-26,covN2,25.13228767,25.13228767,70.28549212,0.445026375,48
Alberta,,,Alberta,Canada,2025,6,2025-02-02,covN2,20.29608884,20.29608884,77.11578349,0.445026375,48
Alberta,,,Alberta,Canada,2025,7,2025-02-09,covN2,10.71770871,10.71770871,68.18978943,0.445026375,48
Alberta,,,Alberta,Canada,2025,8,2025-02-16,covN2,19.82057755,7.835409181,104.9037052,0.445026375,48
Alberta,,,Alberta,Canada,2025,9,2025-02-23,covN2,7.418467153,7.418467153,150.9159585,0.445026375,48
Alberta,,,Alberta,Canada,2025,10,2025-03-02,covN2,5.520128101,5.520128101,77.62188257,0.445026375,48
Alberta,,,Alberta,Canada,2025,11,2025-03-09,covN2,6.198514676,6.198514676,27.70319234,0.445026375,48
Alberta,,,Alberta,Canada,2025,12,2025-03-16,covN2,6.972449766,6.972449766,32.02021176,0.445026375,48
Alberta,,,Alberta,Canada,2025,13,2025-03-23,covN2,13.16982595,13.16982595,74.35680967,0.445026375,48
Alberta,,,Alberta,Canada,2025,14,2025-03-30,covN2,7.834375407,7.834375407,113.2495703,0.445026375,48
Alberta,,,Alberta,Canada,2025,15,2025-04-06,covN2,8.202094366,8.202094366,251.5849327,0.445026375,48
Alberta,,,Alberta,Canada,2025,16,2025-04-13,covN2,11.38720731,11.38720731,103.5911788,0.445026375,48
Alberta,,,Alberta,Canada,2025,17,2025-04-20,covN2,10.43557189,10.43557189,246.5071013,0.445026375,48
Alberta,,,Alberta,Canada,2025,18,2025-04-27,covN2,35.67784728,34.05709244,113.6838825,0.445026375,48
Alberta,,,Alberta,Canada,2025,19,2025-05-04,covN2,14.8730248,12.45661668,158.1319322,0.445026375,48
Alberta,,,Alberta,Canada,2025,20,2025-05-11,covN2,12.83829042,12.83829042,125.3248008,0.445026375,48
Alberta,,,Alberta,Canada,2025,21,2025-05-18,covN2,15.66276238,14.53799293,207.0217171,0.445026375,48
Alberta,,,Alberta,Canada,2025,22,2025-05-25,covN2,13.35649226,13.35649226,121.0159349,0.445026375,48
Alberta,,,Alberta,Canada,2025,23,2025-06-01,covN2,16.21696945,7.157330913,79.38900078,0.445026375,48
Alberta,,,Alberta,Canada,2025,24,2025-06-08,covN2,15.43642233,4.210122787,52.7721859,0.445026375,48
Alberta,,,Alberta,Canada,2025,25,2025-06-15,covN2,14.6198106,1.990727873,36.13307824,0.445026375,48
Alberta,,,Alberta,Canada,2025,26,2025-06-22,covN2,70.30752673,3.548070909,70.30752673,0.445026375,48
Alberta,,,Alberta,Canada,2025,27,2025-06-29,covN2,18.82851032,2.10609053,50.56701915,0.445026375,48
Alberta,,,Alberta,Canada,2025,28,2025-07-06,covN2,17.22478271,2.190159431,100.8093625,0.445026375,48
Alberta,,,Alberta,Canada,2025,29,2025-07-13,covN2,29.3380115,4.10951674,63.87213346,0.445026375,48
Alberta,,,Alberta,Canada,2025,30,2025-07-20,covN2,14.4663707,11.68364995,51.98376868,0.445026375,48
Alberta,,,Alberta,Canada,2025,31,2025-07-27,covN2,47.74699513,3.572314497,59.90100113,0.445026375,48
Alberta,,,Alberta,Canada,2025,32,2025-08-03,covN2,17.7390031,17.7390031,72.27552735,0.445026375,48
Alberta,,,Alberta,Canada,2025,33,2025-08-10,covN2,40.72849279,21.17671461,84.63806473,0.445026375,48
Alberta,,,Alberta,Canada,2025,34,2025-08-17,covN2,56.47186367,5.792429883,72.29524544,0.445026375,48
Alberta,,,Alberta,Canada,2025,35,2025-08-24,covN2,53.66874803,19.86538118,157.6630067,0.445026375,48
Alberta,,,Alberta,Canada,2025,36,2025-08-31,covN2,14.32832644,14.32832644,167.9600148,0.445026375,48
Alberta,,,Alberta,Canada,2025,37,2025-09-07,covN2,19.6232015,17.23733081,126.4366567,0.445026375,48
